sample_id,seed,budget_fraction,selected_count,pressure_field_relative_l2,ratio_abs_error,true_cd,true_cl,predicted_cd,predicted_cl
1001,0,0.375,4227,0.04966259424384594,0.41082536290798666,0.048839268344755805,0.09631367267046716,0.026119861658260357,0.2713465643472132
1001,1,0.375,4227,0.012594933854910681,0.05166177933218774,0.048839268344755805,0.09631367267046716,0.05472416704832627,0.12016099012007389
1001,2,0.375,4227,0.11761561616018844,0.63392107089349,0.048839268344755805,0.09631367267046716,0.07510879486533592,-0.592174604072211
1001,0,0.5,5636,0.0494175664019356,0.3729068104817779,0.048839268344755805,0.09631367267046716,0.03150693650406697,0.23481324049683655
1001,1,0.5,5636,0.045778689415938364,0.3303748414722328,0.048839268344755805,0.09631367267046716,0.04436693369606748,0.25107104575862504
1001,2,0.5,5636,0.0996619020845416,0.6701319840173855,0.048839268344755805,0.09631367267046716,0.07192503902514961,-0.4411321485744816
1001,0,0.75,8453,0.062414811509151645,0.351091721797934,0.048839268344755805,0.09631367267046716,0.05658517116913886,0.36273988770870164
1001,1,0.75,8453,0.06741953137691355,0.38197805895977655,0.048839268344755805,0.09631367267046716,0.04910246431514889,0.392482316546624
1001,2,0.75,8453,0.051841216030674625,1.0170290045173385,0.048839268344755805,0.09631367267046716,0.05008336690435343,-0.09821356281967623
1001,0,1.0,11271,0.00438867998063809,0.006009144092058993,0.048839268344755805,0.09631367267046716,0.05067575703289536,0.10113379902968495
1002,0,0.375,4227,0.057908485532791196,0.1594257143836753,0.022283095564107937,0.1394090045803521,-6.339667921609839e-05,-0.15313183801179772
1002,1,0.375,4227,0.0505986306667525,0.1058303784014812,0.022283095564107937,0.1394090045803521,0.024746311407175203,0.45818580552948013
1002,2,0.375,4227,0.03151448904528506,0.11681034639844186,0.022283095564107937,0.1394090045803521,0.005332793733096274,0.12393381318977946
1002,0,0.5,5636,0.053220907593248115,0.1937496041503639,0.022283095564107937,0.1394090045803521,0.005044254916266668,-0.1487546862122766
1002,1,0.5,5636,0.06251890224993842,0.10210172127224662,0.022283095564107937,0.1394090045803521,0.03151786536275195,0.5458773905006413
1002,2,0.5,5636,0.04263031900241662,0.2573680906303769,0.022283095564107937,0.1394090045803521,0.012595388556819612,-0.12914588681189842
1002,0,0.75,8453,0.020833763379549453,0.5674942322141754,0.022283095564107937,0.1394090045803521,0.019691311628436153,0.027073274529764473
1002,1,0.75,8453,0.08058939309880739,0.09380599508671829,0.022283095564107937,0.1394090045803521,0.04399147027251488,0.6661970628539216
1002,2,0.75,8453,0.06780349621306542,0.18999144279043859,0.022283095564107937,0.1394090045803521,0.010720929659823788,-0.35556601410682015
1002,0,1.0,11271,0.0014573084154796486,0.0125618278368817,0.022283095564107937,0.1394090045803521,0.0224844937693404,0.13041933033796796
1004,0,0.375,4227,0.07732380986111127,0.008107683232594254,0.031353369295709616,0.16655849933677344,0.02530412080754816,0.12887248233794302
1004,1,0.375,4227,0.111579972857025,0.10763309436557199,0.031353369295709616,0.16655849933677344,0.07307178449899467,0.9064933231630891
1004,2,0.375,4227,0.08222332704982753,0.02571724871517425,0.031353369295709616,0.16655849933677344,0.02783375500682275,0.17125815428082847
1004,0,0.5,5636,0.04602220846951461,0.10796606876231987,0.031353369295709616,0.16655849933677344,0.03263548470867997,0.4065393867092242
1004,1,0.5,5636,0.10297117513996178,0.11147976465209139,0.031353369295709616,0.16655849933677344,0.06107066438646466,0.7955781531161488
1004,2,0.5,5636,0.0826154578212626,0.11357330862758813,0.031353369295709616,0.16655849933677344,0.0502321361775834,0.6727301053987832
1004,0,0.75,8453,0.05633132168663946,0.10805522603043044,0.031353369295709616,0.16655849933677344,0.03698026483032521,0.46117439402958166
1004,1,0.75,8453,0.062328365739453336,0.10066813510834996,0.031353369295709616,0.16655849933677344,0.04341123838491005,0.4957077911180136
1004,2,0.75,8453,0.005398764017527246,0.0076508335930935145,0.031353369295709616,0.16655849933677344,0.030186338088964804,0.1671525479169332
1004,0,1.0,11271,0.0025004239997730073,0.005203935149509148,0.031353369295709616,0.16655849933677344,0.030130132512707995,0.16461094595372852
1005,0,0.375,4227,0.08049395677279213,0.36774402289723696,0.024129490197056895,0.0689260119938315,0.008264702635239408,-0.4678341581990816
1005,1,0.375,4227,0.02795001340261952,0.27196339568210326,0.024129490197056895,0.0689260119938315,0.020985777225521474,0.26865320930839404
1005,2,0.375,4227,0.04064484958446551,0.4610765916958039,0.024129490197056895,0.0689260119938315,0.0061485614433675825,-0.05539321897183489
1005,0,0.5,5636,0.09287976876035972,0.38142707574623785,0.024129490197056895,0.0689260119938315,0.018509971924144258,-0.5904498037005382
1005,1,0.5,5636,0.054557778800105795,0.3733747717679903,0.024129490197056895,0.0689260119938315,0.005068563583970166,-0.2175663853575985
1005,2,0.5,5636,0.06143157385214189,0.3750266435485657,0.024129490197056895,0.0689260119938315,0.008379950261186127,-0.3358899195203921
1005,0,0.75,8453,0.06688623252092077,0.39871988397112473,0.024129490197056895,0.0689260119938315,0.018360345274369024,-0.37746068368609303
1005,1,0.75,8453,0.04873676871887746,0.371284332450306,0.024129490197056895,0.0689260119938315,0.003916151806923042,-0.18467021551943172
1005,2,0.75,8453,0.007027880276236583,0.07552451212008604,0.024129490197056895,0.0689260119938315,0.023516146039852637,0.08565228611812124
1005,0,1.0,11271,0.001618638927778618,0.006150064288522827,0.024129490197056895,0.0689260119938315,0.024607978530243126,0.07154978073280621
1006,0,0.375,4227,0.05622672193707459,0.01023977632298613,0.07877103472777022,0.7278004835629109,0.09175594716271102,0.936362983733196
1006,1,0.375,4227,0.039429482570208306,0.06120041116374735,0.07877103472777022,0.7278004835629109,0.030774871016666375,0.6543498108449386
1006,2,0.375,4227,0.05186378654062261,0.019602389880046964,0.07877103472777022,0.7278004835629109,0.08483913447310514,0.957236366085939
1006,0,0.5,5636,0.03597562474138314,0.006777229289822342,0.07877103472777022,0.7278004835629109,0.09936120544676277,0.8639439047985309
1006,1,0.5,5636,0.046350533753413,0.048411735133488114,0.07877103472777022,0.7278004835629109,0.03588638748472329,0.5999072023247848
1006,2,0.5,5636,0.05689143921175546,0.016424198491911526,0.07877103472777022,0.7278004835629109,0.08551367347204272,0.9314460649777017
1006,0,0.75,8453,0.02145255170259175,0.0028042355170178335,0.07877103472777022,0.7278004835629109,0.08739911962440829,0.7871251056690931
1006,1,0.75,8453,0.015702388852617988,0.007110307694093196,0.07877103472777022,0.7278004835629109,0.07996935680626346,0.7908258389612137
1006,2,0.75,8453,0.04972936008404578,0.005726627738014398,0.07877103472777022,0.7278004835629109,0.09429083343191147,0.9198656526619432
1006,0,1.0,11271,0.0028116330152539487,0.0005701089037352947,0.07877103472777022,0.7278004835629109,0.07880738347920802,0.7319920858243589
1007,0,0.375,4227,0.09969292072284897,1.5054490092453907,0.03496138259813211,0.024176366211576324,0.035075289156917745,-0.5909754645260451
1007,1,0.375,4227,0.110236318496753,1.4992538061029301,0.03496138259813211,0.024176366211576324,0.03262540195479613,-0.6137634610994067
1007,2,0.375,4227,0.022151708248024513,1.2416056946941252,0.03496138259813211,0.024176366211576324,0.03299491881987999,0.1613508164868651
1007,0,0.5,5636,0.09232980186397798,1.4929170133081653,0.03496138259813211,0.024176366211576324,0.02066643863317733,-0.441406469775914
1007,1,0.5,5636,0.0535998021957481,1.5555163317344698,0.03496138259813211,0.024176366211576324,0.024715849018326245,-0.22588294284495727
1007,2,0.5,5636,0.06913186763252446,1.3340192383752063,0.03496138259813211,0.024176366211576324,0.04963933442925678,0.4428988839177493
1007,0,0.75,8453,0.047462259566001426,1.2925337516751363,0.03496138259813211,0.024176366211576324,0.03833350395197273,0.24962600750912756
1007,1,0.75,8453,0.011677909281022724,0.918260098130046,0.03496138259813211,0.024176366211576324,0.02828789410386471,0.05359206132970117
1007,2,0.75,8453,0.0778277640303662,1.3446280325385283,0.03496138259813211,0.024176366211576324,0.05049688181085669,0.4976559545049276
1007,0,1.0,11271,0.0014792271251624599,0.0878092277736453,0.03496138259813211,0.024176366211576324,0.03458946666349835,0.025465482930037413
1009,0,0.375,4227,0.0809819485158414,0.02499015984018134,0.03297190948240262,0.4131588742762784,-0.007588983665246769,-0.13844904439791608
1009,1,0.375,4227,0.035174156360194324,0.04817791208610698,0.03297190948240262,0.4131588742762784,0.012713602342606822,0.4019918153330667
1009,2,0.375,4227,0.09504408442105373,0.12258284529470358,0.03297190948240262,0.4131588742762784,0.010200885349070935,-0.2384587149447734
1009,0,0.5,5636,0.02591070172888635,0.03080698869603834,0.03297190948240262,0.4131588742762784,0.01936319952613724,0.3951879533687772
1009,1,0.5,5636,0.04183589222762671,0.044452343537662725,0.03297190948240262,0.4131588742762784,0.024475463899947963,0.6923343043571021
1009,2,0.5,5636,0.07512271800982154,0.26631564046157485,0.03297190948240262,0.4131588742762784,0.008387622691902536,-0.04497114560736141
1009,0,0.75,8453,0.013810216647222916,0.002609299931493697,0.03297190948240262,0.4131588742762784,0.032228754124689916,0.3910604845183615
1009,1,0.75,8453,0.037087468054005125,0.009773691272431079,0.03297190948240262,0.4131588742762784,0.04150883436886092,0.5927230478762462
1009,2,0.75,8453,0.06001097155585828,0.02640487347886171,0.03297190948240262,0.4131588742762784,0.01303277995942311,0.12270845612576255
1009,0,1.0,11271,0.002380459031485482,0.000263614619188432,0.03297190948240262,0.4131588742762784,0.033651912090861734,0.4230772702528614
1011,0,0.375,4227,0.08051981126986024,0.05594368948908443,0.06320947785601898,0.47254073746788433,0.06746086961973359,0.8668672874020893
1011,1,0.375,4227,0.04828016951024602,0.06661263308183689,0.06320947785601898,0.47254073746788433,0.04867928287122515,0.7249064134383908
1011,2,0.375,4227,0.02423249773239651,0.04675577944764335,0.06320947785601898,0.47254073746788433,0.052618019004764184,0.6047397513437407
1011,0,0.5,5636,0.06041702841081477,0.05288349218919877,0.06320947785601898,0.47254073746788433,0.06401804585307902,0.7915027409145035
1011,1,0.5,5636,0.049149082239711823,0.04688096770432329,0.06320947785601898,0.47254073746788433,0.060921486622852246,0.7011804921773676
1011,2,0.5,5636,0.048030090866230814,0.03656889120096696,0.06320947785601898,0.47254073746788433,0.06682052579111604,0.6874805014107656
1011,0,0.75,8453,0.017515471961624143,0.008234287092730413,0.06320947785601898,0.47254073746788433,0.06669543452136964,0.5313071092058003
1011,1,0.75,8453,0.05021299545006341,0.001399024838883517,0.06320947785601898,0.47254073746788433,0.04401119869572581,0.3256129224830108
1011,2,0.75,8453,0.0677386602009994,0.03544112888411223,0.06320947785601898,0.47254073746788433,0.0771875867088651,0.7850329325569981
1011,0,1.0,11271,0.004663109260647211,0.00037817078613480715,0.06320947785601898,0.47254073746788433,0.06395775856823044,0.4794903054844309
1014,0,0.375,4227,0.022970993548391133,0.021852949776721177,0.020834743751382945,0.3700850955292564,0.013740443072212392,0.39891867931892677
1014,1,0.375,4227,0.08171087757453266,0.09965803693889258,0.020834743751382945,0.3700850955292564,0.009853510570920205,-0.22724431954167054
1014,2,0.375,4227,0.08177224452569751,0.009212249935886908,0.020834743751382945,0.3700850955292564,0.05993562470589841,0.9149161179528451
1014,0,0.5,5636,0.016374445208466575,0.009921686599991715,0.020834743751382945,0.3700850955292564,0.01835443393571383,0.3957788115897814
1014,1,0.5,5636,0.04113127747371103,0.0025184246809415514,0.020834743751382945,0.3700850955292564,0.00787096738216515,0.1338244958248492
1014,2,0.5,5636,0.03220094565225624,0.00998662620714904,0.020834743751382945,0.3700850955292564,0.03497089208599447,0.5275933754874171
1014,0,0.75,8453,0.04306706080390983,0.034633741719875426,0.020834743751382945,0.3700850955292564,0.015380075638055107,0.16914023239614898
1014,1,0.75,8453,0.010987278127662552,0.001735343225779104,0.020834743751382945,0.3700850955292564,0.02103696023340345,0.3855618708956292
1014,2,0.75,8453,0.04040755641222699,0.007972276721688314,0.020834743751382945,0.3700850955292564,0.03841124733799748,0.597659524888876
1014,0,1.0,11271,0.0048305333922884315,0.002368446199875973,0.020834743751382945,0.3700850955292564,0.021770061164536322,0.3710872289465011
1016,0,0.375,4227,0.040360014825962104,0.012425046006807612,0.02207622616758689,0.4275965592723525,0.02596770688358787,0.6623808777060871
1016,1,0.375,4227,0.0584970149102435,0.00042459455894953285,0.02207622616758689,0.4275965592723525,0.005374319309085788,0.10324660889978195
1016,2,0.375,4227,0.04564592094753601,0.03403666149176975,0.02207622616758689,0.4275965592723525,0.0090493322051547,0.5144012310209942
1016,0,0.5,5636,0.08446607622571092,0.0029877307457643262,0.02207622616758689,0.4275965592723525,0.046187656679297764,0.9495641279398441
1016,1,0.5,5636,0.02234295959405188,0.01767984862906384,0.02207622616758689,0.4275965592723525,0.013391531254605018,0.394462752996832
1016,2,0.5,5636,0.06360533782270361,0.02031659538600295,0.02207622616758689,0.4275965592723525,0.026403256503801993,0.3669910681641633
1016,0,0.75,8453,0.04936648426957007,0.005564443446019765,0.02207622616758689,0.4275965592723525,0.03166456016066696,0.6874007754340404
1016,1,0.75,8453,0.03878644455750662,0.020586920828870182,0.02207622616758689,0.4275965592723525,0.01686249047709571,0.23350219445947376
1016,2,0.75,8453,0.06214970588682453,0.008123204902517833,0.02207622616758689,0.4275965592723525,0.03395095792844782,0.7803843979561202
1016,0,1.0,11271,0.0025113752274292765,0.0023704310703946754,0.02207622616758689,0.4275965592723525,0.020677052069418257,0.41976870711363984
1017,0,0.375,4227,0.02059477022593942,0.031906496523700506,0.04274458287983861,0.3505085369905106,0.036313092750896385,0.40328301874395556
1017,1,0.375,4227,0.07504110625651755,0.056678236592907105,0.04274458287983861,0.3505085369905106,0.04800654340902762,0.7354850052636681
1017,2,0.375,4227,0.049568303265281236,0.00036057632468768086,0.04274458287983861,0.3505085369905106,0.021899267155356963,0.17904611108786123
1017,0,0.5,5636,0.01279924192619585,0.02593990337399074,0.04274458287983861,0.3505085369905106,0.04273322216887269,0.44509003587177487
1017,1,0.5,5636,0.08726379291748843,0.04774084546216005,0.04274458287983861,0.3505085369905106,0.06530913588989383,0.8800661938389357
1017,2,0.5,5636,0.0467242245827809,0.046113463081093264,0.04274458287983861,0.3505085369905106,0.026969178829945338,0.16047002576243644
1017,0,0.75,8453,0.013491503534515212,0.007721920752859976,0.04274458287983861,0.3505085369905106,0.03914159188517558,0.34266116391628093
1017,1,0.75,8453,0.09720166004039747,0.039624175677569054,0.04274458287983861,0.3505085369905106,0.07430196977457434,0.9025332985966392
1017,2,0.75,8453,0.043262665924033224,0.07809152383473672,0.04274458287983861,0.3505085369905106,0.03182022756018324,0.15906796068027654
1017,0,1.0,11271,0.001616084287960694,0.0009628127249228929,0.04274458287983861,0.3505085369905106,0.04285910012653342,0.3542443922043454
1018,0,0.375,4227,0.030545530971901453,0.13659099688408582,0.06666491691256915,0.07811339869334112,0.055394055315202195,0.07727462155580664
1018,1,0.375,4227,0.11817762134687677,0.9003893314293729,0.06666491691256915,0.07811339869334112,0.02786295945733677,-0.5934392548088934
1018,2,0.375,4227,0.04068632676570644,0.7100327299628434,0.06666491691256915,0.07811339869334112,0.04427054004960995,0.3087100088134843
1018,0,0.5,5636,0.03213011121131476,0.3200164290126365,0.06666491691256915,0.07811339869334112,0.04569033855781537,0.03893662191660498
1018,1,0.5,5636,0.06774566145540811,1.1429131327441922,0.06666491691256915,0.07811339869334112,0.04872858599369766,-0.1683340805252166
1018,2,0.5,5636,0.05020377802907966,2.4828862833640284,0.06666491691256915,0.07811339869334112,0.04520505175476121,-0.027742545153777026
1018,0,0.75,8453,0.010317912089122102,0.13244107589409548,0.06666491691256915,0.07811339869334112,0.0614741134287573,0.08526269610872436
1018,1,0.75,8453,0.09641438613112617,0.9686612399776234,0.06666491691256915,0.07811339869334112,0.04682591604802138,-0.4063918148331385
1018,2,0.75,8453,0.034823546507783236,0.5229675270878602,0.06666491691256915,0.07811339869334112,0.07075882026375445,0.2141156227180025
1018,0,1.0,11271,0.0036223768906851325,0.22094365490334422,0.06666491691256915,0.07811339869334112,0.06611875525633344,0.06154123659283513
1019,0,0.375,4227,0.09633746104536385,0.10413198184993502,0.12648016643509472,0.5519058147797679,0.08281367925919933,0.6623088517679835
1019,1,0.375,4227,0.05168548606124285,0.10325190400688575,0.12648016643509472,0.5519058147797679,0.07766297340353448,0.6167745184351614
1019,2,0.375,4227,0.04961451911738434,0.09644621697378639,0.12648016643509472,0.5519058147797679,0.10130077869668,0.763246041201925
1019,0,0.5,5636,0.0895081733608783,0.105017260748133,0.12648016643509472,0.5519058147797679,0.1072098740691877,0.8635332106562299
1019,1,0.5,5636,0.07415886847214427,0.09991094566384581,0.12648016643509472,0.5519058147797679,0.09579128526231388,0.7410808120622954
1019,2,0.5,5636,0.02805257150576818,0.04757167548935104,0.12648016643509472,0.5519058147797679,0.12223866408438143,0.6731272060475088
1019,0,0.75,8453,0.07631358282704864,0.06588079418052198,0.12648016643509472,0.5519058147797679,0.13422972949783568,0.8220375718713334
1019,1,0.75,8453,0.08269062479962531,0.07947205477538805,0.12648016643509472,0.5519058147797679,0.13160145770385953,0.8791142690143829
1019,2,0.75,8453,0.04328569369105195,0.02668085199648182,0.12648016643509472,0.5519058147797679,0.13061984130980195,0.6450713373174255
1019,0,1.0,11271,0.01304182809792757,0.005382939655112717,0.12648016643509472,0.5519058147797679,0.12811451338229052,0.5724844217823468
1022,0,0.375,4227,0.03399188362083713,0.029819146480112427,0.09425907734668905,0.7586632135816337,0.08910978324589246,0.9437147313838053
1022,1,0.375,4227,0.10388131771291505,0.1730822136859353,0.09425907734668905,0.7586632135816337,0.05570282449181611,0.18734605234066815
1022,2,0.375,4227,0.12379536936656822,0.05764899325226197,0.09425907734668905,0.7586632135816337,0.008934253194788236,0.13415873432743813
1022,0,0.5,5636,0.05536027132774321,0.01607038400744283,0.09425907734668905,0.7586632135816337,0.09188061517023328,0.849383855467065
1022,1,0.5,5636,0.11201122524172206,0.2588529022004558,0.09425907734668905,0.7586632135816337,0.04382986029977278,0.11440943926541344
1022,2,0.5,5636,0.037236720376103226,0.00538929268581978,0.09425907734668905,0.7586632135816337,0.08986326883528968,0.693213280431574
1022,0,0.75,8453,0.03307791946621488,0.009704405296399668,0.09425907734668905,0.7586632135816337,0.09672472511190935,0.8444680760563811
1022,1,0.75,8453,0.06469140196721772,0.005225021356204701,0.09425907734668905,0.7586632135816337,0.06596760406058295,0.5095256613237372
1022,2,0.75,8453,0.0461991764660953,0.010940634578765401,0.09425907734668905,0.7586632135816337,0.08443900791617405,0.6246215375012367
1022,0,1.0,11271,0.0026832346108528406,7.551118115385613e-05,0.09425907734668905,0.7586632135816337,0.0931267584865612,0.7500053451251422
1023,0,0.375,4227,0.09804160919787622,1.5856516405770495,0.08517617427505846,0.49736406625164986,0.042120886028155835,-0.02978011278803024
1023,1,0.375,4227,0.031050249652710502,0.05381874731702649,0.08517617427505846,0.49736406625164986,0.08246037934942244,0.7021703165688671
1023,2,0.375,4227,0.04166872086543509,0.007162183698678742,0.08517617427505846,0.49736406625164986,0.07403470111067506,0.4511752563661563
1023,0,0.5,5636,0.04661899757477429,0.02811082566360512,0.08517617427505846,0.49736406625164986,0.07219297578877638,0.36211276037514284
1023,1,0.5,5636,0.0923319497235153,0.5140973620999166,0.08517617427505846,0.49736406625164986,0.03826864891549349,0.05583790295787252
1023,2,0.5,5636,0.12597952032572665,0.2800405218049273,0.08517617427505846,0.49736406625164986,0.032829705607438024,-0.3017842847539593
1023,0,0.75,8453,0.027993327890840056,0.0010452866904158142,0.08517617427505846,0.49736406625164986,0.07569782602510933,0.4393361554979458
1023,1,0.75,8453,0.05833669134918573,0.0381296701039287,0.08517617427505846,0.49736406625164986,0.09573147547593787,0.7191069034105287
1023,2,0.75,8453,0.08500420257080554,0.43896207050931657,0.08517617427505846,0.49736406625164986,0.04583675725285852,0.07511547235912185
1023,0,1.0,11271,0.0038260495522449206,0.0027528484664794406,0.08517617427505846,0.49736406625164986,0.08454374694090722,0.5017363532834392
1024,0,0.375,4227,0.08291919789053656,0.3595821886515648,0.08590651094519218,0.17714765802238255,0.05146793437827232,0.41055850882320155
1024,1,0.375,4227,0.10304477696037302,0.3873336750307183,0.08590651094519218,0.17714765802238255,0.05764945129767254,0.5906143760717004
1024,2,0.375,4227,0.11343007145156801,0.38640604666466005,0.08590651094519218,0.17714765802238255,0.06441971576931753,0.6537622172873645
1024,0,0.5,5636,0.08921068109578806,0.3538170508715735,0.08590651094519218,0.17714765802238255,0.07201082700003975,0.5491731071886965
1024,1,0.5,5636,0.09287155600654037,0.3542059272791156,0.08590651094519218,0.17714765802238255,0.0725600339313326,0.5550074705471316
1024,2,0.5,5636,0.11471966650902601,0.3807799553231113,0.08590651094519218,0.17714765802238255,0.07145336681550286,0.6859763884208719
1024,0,0.75,8453,0.11308389410178209,0.36272143833219483,0.08590651094519218,0.17714765802238255,0.09271736507155187,0.7586009256835099
1024,1,0.75,8453,0.010997918988788533,0.06474765144167977,0.08590651094519218,0.17714765802238255,0.08998200580760714,0.16369572760955442
1024,2,0.75,8453,0.09486453724635427,0.33861389875568604,0.08590651094519218,0.17714765802238255,0.09018916621117361,0.6163448388017249
1024,0,1.0,11271,0.0025711883449293866,0.02083752394988131,0.08590651094519218,0.17714765802238255,0.083134812970861,0.17912914866292656
1025,0,0.375,4227,0.07019414657159487,0.0782027398598745,0.07733100991666117,0.524919141264816,0.05674532068897578,0.2516170125498401
1025,1,0.375,4227,0.040028217672707145,0.05452010159337928,0.07733100991666117,0.524919141264816,0.06395374775985542,0.6891586222558821
1025,2,0.375,4227,0.0994259088270114,0.038186744012933926,0.07733100991666117,0.524919141264816,0.015025923605442854,0.08099940364705459
1025,0,0.5,5636,0.05418438774803812,0.01551411374957054,0.07733100991666117,0.524919141264816,0.0972713939880125,0.7379905888915524
1025,1,0.5,5636,0.022271539874301555,0.007290257227087704,0.07733100991666117,0.524919141264816,0.0791558048613701,0.5119704367098057
1025,2,0.5,5636,0.08153336351027261,0.02590318189547236,0.07733100991666117,0.524919141264816,0.03418334938313416,0.19733720580973427
1025,0,0.75,8453,0.027231148591525728,0.009998458775833025,0.07733100991666117,0.524919141264816,0.08773647824236061,0.5577003599517754
1025,1,0.75,8453,0.03642659235595357,0.017944330319194318,0.07733100991666117,0.524919141264816,0.07969481679603613,0.6159961026383044
1025,2,0.75,8453,0.023173074989550024,0.021472293353399785,0.07733100991666117,0.524919141264816,0.06565195930567777,0.5216784520604731
1025,0,1.0,11271,0.0031562751406590843,0.003723472382407389,0.07733100991666117,0.524919141264816,0.077639961515483,0.5140244503584273
1028,0,0.375,4227,0.078542604034605,0.015968975685763255,0.022228122982740222,0.34608971552160095,0.04215444405581824,0.8735314373881811
1028,1,0.375,4227,0.0658462197344869,0.09603710550798777,0.022228122982740222,0.34608971552160095,0.0023336675012297554,-0.07336124982145434
1028,2,0.375,4227,0.06721317178361452,0.025145209973216835,0.022228122982740222,0.34608971552160095,0.026965782009726193,0.6899925310111726
1028,0,0.5,5636,0.03469944755712332,0.013995698457686077,0.022228122982740222,0.34608971552160095,0.026558197613471377,0.5287235962818594
1028,1,0.5,5636,0.05541629533476029,1.001747145845807,0.022228122982740222,0.34608971552160095,0.006450638950932851,0.0060514057906087704
1028,2,0.5,5636,0.06507419655200027,0.022719055285017498,0.022228122982740222,0.34608971552160095,0.02799963773096637,0.6745694362037473
1028,0,0.75,8453,0.05018222657309956,0.016899509427452407,0.022228122982740222,0.34608971552160095,0.028170190104226226,0.5952249181270294
1028,1,0.75,8453,0.05350846446221874,7.7130166526536135,0.022228122982740222,0.34608971552160095,0.011873415325160404,0.0015266869156557008
1028,2,0.75,8453,0.049074365154087016,0.013377302187042882,0.022228122982740222,0.34608971552160095,0.03049776492331687,0.5997691276621608
1028,0,1.0,11271,0.001965661084741021,0.0020617067875759246,0.022228122982740222,0.34608971552160095,0.0211517698641825,0.34025332934011954
1029,0,0.375,4227,0.02509675560247172,0.07928500396770778,0.06746755140290765,0.43180855719079514,0.04555317106599916,0.5919138470732267
1029,1,0.375,4227,0.09169770177709549,0.43366295451737824,0.06746755140290765,0.43180855719079514,0.012554760617717806,0.021282607030247754
1029,2,0.375,4227,0.09764850689651307,0.06854153606706409,0.06746755140290765,0.43180855719079514,0.08683661406314515,0.990125973803617
1029,0,0.5,5636,0.098175019365601,0.19021232697664608,0.06746755140290765,0.43180855719079514,0.004883817063189489,-0.14377615488163376
1029,1,0.5,5636,0.06922418005968572,0.05671003087207746,0.06746755140290765,0.43180855719079514,0.07838782429484999,0.7875474505678453
1029,2,0.5,5636,0.10028822633524224,0.06563112272423668,0.06746755140290765,0.43180855719079514,0.08497744504566807,0.9378062779964295
1029,0,0.75,8453,0.06947268346568214,0.24968877615084115,0.06746755140290765,0.43180855719079514,0.03882453748295284,0.09564274564416758
1029,1,0.75,8453,0.05825980801424366,0.03800449883790917,0.06746755140290765,0.43180855719079514,0.0790949266868969,0.6689375412348143
1029,2,0.75,8453,0.07687386744702612,0.04604872095419965,0.06746755140290765,0.43180855719079514,0.08644249889080959,0.7844473862430322
1029,0,1.0,11271,0.002124031826899062,0.002591009208437217,0.06746755140290765,0.43180855719079514,0.06651998954569435,0.4329231332716392
1031,0,0.375,4227,0.03523274646936988,0.024084445682140326,0.06898851199926015,0.5285873422142785,0.049645927394088234,0.46646364896206843
1031,1,0.375,4227,0.07277910318179012,0.009664337041679766,0.06898851199926015,0.5285873422142785,0.10137470078473129,0.8388435893298355
1031,2,0.375,4227,0.016753445595154494,0.00487741031873537,0.06898851199926015,0.5285873422142785,0.0783527786696303,0.6236418218592001
1031,0,0.5,5636,0.06602215645328491,0.018496699250614562,0.06898851199926015,0.5285873422142785,0.044925719853284043,0.3014914744023432
1031,1,0.5,5636,0.062299543319926105,0.006871557834653319,0.06898851199926015,0.5285873422142785,0.09752039763275708,0.7887235494956201
1031,2,0.5,5636,0.04981201584510405,0.03878862907124182,0.06898851199926015,0.5285873422142785,0.062419545226645765,0.6804981842861619
1031,0,0.75,8453,0.07042502822589033,0.09697359184520302,0.06898851199926015,0.5285873422142785,0.049038837918919324,0.21556625770496946
1031,1,0.75,8453,0.051761479393767,0.0017164543584836933,0.06898851199926015,0.5285873422142785,0.0942874676591975,0.7130493705835846
1031,2,0.75,8453,0.06668475327049062,0.017287560974508523,0.06898851199926015,0.5285873422142785,0.09236122044455161,0.8157150024835274
1031,0,1.0,11271,0.0033068611306282182,0.0005781982113617912,0.06898851199926015,0.5285873422142785,0.06837046645861389,0.5215414033318837
1032,0,0.375,4227,0.045886663500308664,0.10045269401484355,0.09195627865800124,0.39553720553602667,0.0733342115034036,0.555428277608245
1032,1,0.375,4227,0.06140781672862009,0.13094045626779344,0.09195627865800124,0.39553720553602667,0.057330061086093,0.564583070069998
1032,2,0.375,4227,0.1567225792541967,0.3899110755940457,0.09195627865800124,0.39553720553602667,0.09850969706645513,-0.625750202883552
1032,0,0.5,5636,0.09994297493958951,2.0524459445250383,0.09195627865800124,0.39553720553602667,0.08064542407902076,-0.044311611848711456
1032,1,0.5,5636,0.07569762722525708,0.1349933188628455,0.09195627865800124,0.39553720553602667,0.042137728047809055,0.43222081736758017
1032,2,0.5,5636,0.09066208797853814,10.29424477361479,0.09195627865800124,0.39553720553602667,0.08332260406498737,-0.008281116026591286
1032,0,0.75,8453,0.08144330098668812,1.3603194899123052,0.09195627865800124,0.39553720553602667,0.08288422382485955,0.05203667440549069
1032,1,0.75,8453,0.025227044891866498,0.047046760134402676,0.09195627865800124,0.39553720553602667,0.08540055067165486,0.46053484055931154
1032,2,0.75,8453,0.05268995742573222,0.11214690853666344,0.09195627865800124,0.39553720553602667,0.06025502273845038,0.500716445812188
1032,0,1.0,11271,0.012324319239046632,0.003925636076914291,0.09195627865800124,0.39553720553602667,0.08593922395764772,0.3635174740421996
1034,0,0.375,4227,0.046450386448254895,0.029291826588331293,0.09464518221341049,0.8124685429654684,0.08220517044171108,0.9427299894302535
1034,1,0.375,4227,0.09188706675199139,0.016864979738632352,0.09464518221341049,0.8124685429654684,0.04460611067891043,0.44773604941686673
1034,2,0.375,4227,0.047181712338912864,0.03918984036670861,0.09464518221341049,0.8124685429654684,0.06702286157004048,0.8670369088034683
1034,0,0.5,5636,0.054944640377280814,0.030730985132878766,0.09464518221341049,0.8124685429654684,0.0809086283612806,0.9434319006603129
1034,1,0.5,5636,0.05145554817332239,0.014998887433393754,0.09464518221341049,0.8124685429654684,0.10002767870298944,0.9855720444642428
1034,2,0.5,5636,0.059859627017401794,0.012181113063658933,0.09464518221341049,0.8124685429654684,0.11028890219465683,1.0573208698709622
1034,0,0.75,8453,0.06868440532111036,0.015353390327516953,0.09464518221341049,0.8124685429654684,0.10957638327210532,1.0834397287396118
1034,1,0.75,8453,0.10489189712062981,0.057162854446110994,0.09464518221341049,0.8124685429654684,0.039968675416419165,0.2301630520879558
1034,2,0.75,8453,0.047952581264718366,0.011058402637521586,0.09464518221341049,0.8124685429654684,0.10155309756633854,0.9632050028425305
1034,0,1.0,11271,0.0029301148712093895,0.000822667371346883,0.09464518221341049,0.8124685429654684,0.09497868586144438,0.8211303430805376
1035,0,0.375,4227,0.03523771408143945,0.0470740657117885,0.021370720154253786,0.34561836070324087,0.0031100148356081655,0.21071669350685282
1035,1,0.375,4227,0.027617268129179317,0.04793163049448953,0.021370720154253786,0.34561836070324087,0.00486183544120463,0.34973059250684535
1035,2,0.375,4227,0.10960440334595513,0.08475984370138574,0.021370720154253786,0.34561836070324087,0.013650119432034624,-0.5953846929101692
1035,0,0.5,5636,0.01891774930497253,0.04150352038329898,0.021370720154253786,0.34561836070324087,0.008755777463144862,0.43068750129015476
1035,1,0.5,5636,0.04704617471410296,0.010282329439593542,0.021370720154253786,0.34561836070324087,0.03391713545122244,0.47031608338718484
1035,2,0.5,5636,0.08739066343044428,0.10978758056017418,0.021370720154253786,0.34561836070324087,0.017706131501171472,-0.3692293454897265
1035,0,0.75,8453,0.01495358984418894,0.02860619296214397,0.021370720154253786,0.34561836070324087,0.014453151287582573,0.4349808678180511
1035,1,0.75,8453,0.012709199224525293,0.02142799439978931,0.021370720154253786,0.34561836070324087,0.017278282141616235,0.42762420366686843
1035,2,0.75,8453,0.021704733965397825,0.002962399015333468,0.021370720154253786,0.34561836070324087,0.016945452684426026,0.2615212998335891
1035,0,1.0,11271,0.0061993335414521145,0.005800750190010279,0.021370720154253786,0.34561836070324087,0.019263622062742836,0.3437934867773437
1036,0,0.375,4227,0.07305262784248301,1.1916488191359371,0.05160974572493875,0.271561812800706,0.041248196182491,-0.041182265716786716
1036,1,0.375,4227,0.036108582902348245,0.015602239543522384,0.05160974572493875,0.271561812800706,0.0479143680492313,0.2746664750295242
1036,2,0.375,4227,0.12915956200628675,0.24131789612712298,0.05160974572493875,0.271561812800706,0.031166213506377,-0.607883777456708
1036,0,0.5,5636,0.020327907743150644,0.05140928600993014,0.05160974572493875,0.271561812800706,0.042306179343721266,0.3051544259600732
1036,1,0.5,5636,0.06374349727472099,0.07313572593988324,0.05160974572493875,0.271561812800706,0.07019417229096232,0.6004010041392035
1036,2,0.5,5636,0.06459194277559868,0.612615290374813,0.05160974572493875,0.271561812800706,0.0218092544809825,0.027171116596189922
1036,0,0.75,8453,0.010845731437937087,0.027424521835576338,0.05160974572493875,0.271561812800706,0.05321259753635393,0.32721374989725627
1036,1,0.75,8453,0.03936476456010725,0.09758730931197071,0.05160974572493875,0.271561812800706,0.047638384581316945,0.16562085243493593
1036,2,0.75,8453,0.033969685367395454,0.014589699960236319,0.05160974572493875,0.271561812800706,0.03632236300250776,0.2070143656040947
1036,0,1.0,11271,0.004018284266287676,0.011293003346684344,0.05160974572493875,0.271561812800706,0.0513458913786829,0.2872419118825459
1039,0,0.375,4227,0.037584974495855974,0.1690521776146411,0.04458219041163132,0.15108597873278667,0.04029641949203749,0.319746619287898
1039,1,0.375,4227,0.04284630857230429,0.5874775557823448,0.04458219041163132,0.15108597873278667,0.043691963100384305,0.049506174493913306
1039,2,0.375,4227,0.0908042433784893,0.19616382043551736,0.04458219041163132,0.15108597873278667,0.07034127560916391,0.7111324011512479
1039,0,0.5,5636,0.04323095901598187,0.15929098040661782,0.04458219041163132,0.15108597873278667,0.04663883625558175,0.34346980265443133
1039,1,0.5,5636,0.04574692155148706,4.876386562316403,0.04458219041163132,0.15108597873278667,0.04223066823852163,-0.009218036773841113
1039,2,0.5,5636,0.06115344559579758,0.16907241877637907,0.04458219041163132,0.15108597873278667,0.05749805700271156,0.4563125669377258
1039,0,0.75,8453,0.027016727957279163,0.10770881678867603,0.04458219041163132,0.15108597873278667,0.04585045449254063,0.24470612357544444
1039,1,0.75,8453,0.03904863457416138,1.7986894530516473,0.04458219041163132,0.15108597873278667,0.044806195128921256,0.02139979256898918
1039,2,0.75,8453,0.06306082362567286,0.16452179377402526,0.04458219041163132,0.15108597873278667,0.0576424570977442,0.441513552590419
1039,0,1.0,11271,0.0022113791252210686,0.00191310129303085,0.04458219041163132,0.15108597873278667,0.04490794089381261,0.15318306703868928
1042,0,0.375,4227,0.12476784973235207,0.8712427009417832,0.04018958423879923,0.0502027049951845,0.05538274623982306,-0.783387269423129
1042,1,0.375,4227,0.10074155798928146,0.7128883763106816,0.04018958423879923,0.0502027049951845,0.05347445797326162,0.610036406248318
1042,2,0.375,4227,0.06697758651825884,0.7053934774803114,0.04018958423879923,0.0502027049951845,0.03716052294378552,0.39053561110433577
1042,0,0.5,5636,0.04446877677355302,1.1900837439993261,0.04018958423879923,0.0502027049951845,0.021020163801088676,-0.053961841713399565
1042,1,0.5,5636,0.10461920560426913,0.6968190509063782,0.04018958423879923,0.0502027049951845,0.0728971916164654,0.7027783844472746
1042,2,0.5,5636,0.076637285259139,0.7217581498762,0.04018958423879923,0.0502027049951845,0.03649906903853953,0.4632564629111124
1042,0,0.75,8453,0.08069839760455924,0.718276760747742,0.04018958423879923,0.0502027049951845,0.043456474094860406,0.5282214086512211
1042,1,0.75,8453,0.03022508263431164,2.399474304751922,0.04018958423879923,0.0502027049951845,0.04217666587532042,-0.026378087607873104
1042,2,0.75,8453,0.01340698943690045,0.7363616365040538,0.04018958423879923,0.0502027049951845,0.03425736356660607,0.022289797061186636
1042,0,1.0,11271,0.0012899525085237147,0.060634773048006796,0.04018958423879923,0.0502027049951845,0.04031147124654163,0.05448148290922731
1043,0,0.375,4227,0.0322806125937696,0.0360495793705584,0.10317554787055686,0.705125342408706,0.10431891717637436,0.9460085448968433
1043,1,0.375,4227,0.05858425335755889,0.024918624219208707,0.10317554787055686,0.705125342408706,0.11697803077443818,0.9635461956063923
1043,2,0.375,4227,0.03914998253834504,0.058778357558820854,0.10317554787055686,0.705125342408706,0.06577697226202209,0.7513596642554615
1043,0,0.5,5636,0.07119027540649829,0.031104256104935002,0.10317554787055686,0.705125342408706,0.12150096489157587,1.0545308855262578
1043,1,0.5,5636,0.057774481267300594,0.022936793804598746,0.10317554787055686,0.705125342408706,0.12167098060950592,0.9861044782852232
1043,2,0.5,5636,0.08093116841638406,0.02539962276536034,0.10317554787055686,0.705125342408706,0.05542628641152066,0.3227677161778096
1043,0,0.75,8453,0.057738610853926946,0.027478801753510848,0.10317554787055686,0.705125342408706,0.11237817216423603,0.9455981405991322
1043,1,0.75,8453,0.08505506771922146,0.01594616372797575,0.10317554787055686,0.705125342408706,0.054424325186978866,0.3353968516422169
1043,2,0.75,8453,0.05790725602477766,0.013618896632609734,0.10317554787055686,0.705125342408706,0.07919429899744124,0.49514640698620427
1043,0,1.0,11271,0.00533791316632746,0.0001732260669437824,0.10317554787055686,0.705125342408706,0.10154243582454364,0.6931436906742184
1044,0,0.375,4227,0.06825383847321136,0.027240395424945538,0.0629346452433808,0.5782681420623786,0.030558257491167622,0.3745224836690358
1044,1,0.375,4227,0.04587353863636862,0.024430699944140766,0.0629346452433808,0.5782681420623786,0.06537178400811078,0.4905446401267775
1044,2,0.375,4227,0.06951667098691855,0.029163765390462296,0.0629346452433808,0.5782681420623786,0.04385456236988506,0.5504580719934925
1044,0,0.5,5636,0.09593665115920384,0.27319126197608445,0.0629346452433808,0.5782681420623786,0.0340196556777291,0.08905103897541196
1044,1,0.5,5636,0.056701212791810826,0.057975462323481525,0.0629346452433808,0.5782681420623786,0.06633227256644735,0.3976553678651568
1044,2,0.5,5636,0.0661561730392175,0.02982526060727758,0.0629346452433808,0.5782681420623786,0.06747400428236018,0.854017868733364
1044,0,0.75,8453,0.03938401022496784,0.011616952507453635,0.0629346452433808,0.5782681420623786,0.06739010661738058,0.6931995498198522
1044,1,0.75,8453,0.009581378943645942,0.0042296666983261955,0.0629346452433808,0.5782681420623786,0.06447210034513506,0.5702334247926389
1044,2,0.75,8453,0.07234476256195778,0.027533616649678655,0.0629346452433808,0.5782681420623786,0.07288557547617541,0.8965085618369252
1044,0,1.0,11271,0.005554623605946238,0.0001624421228513251,0.0629346452433808,0.5782681420623786,0.06096350654980024,0.5609938778268231
1046,0,0.375,4227,0.05105254689257447,0.0824612837934644,0.04883723423540324,0.3863946771332227,0.012320841694405782,0.280460120594038
1046,1,0.375,4227,0.04821260949974202,0.059164165957317466,0.04883723423540324,0.3863946771332227,0.024395515575227896,0.3628776688195199
1046,2,0.375,4227,0.1161998370895992,0.18517263516410443,0.04883723423540324,0.3863946771332227,0.02240483047916357,-0.38116070202893626
1046,0,0.5,5636,0.04185895513659625,0.015464896253913937,0.04883723423540324,0.3863946771332227,0.02986128965965802,0.2691971757619295
1046,1,0.5,5636,0.0456185969663895,0.0443086630611549,0.04883723423540324,0.3863946771332227,0.03930471040633363,0.4788385137464954
1046,2,0.5,5636,0.04663877740730349,0.027717482061911713,0.04883723423540324,0.3863946771332227,0.03471595426873063,0.22526798177376767
1046,0,0.75,8453,0.051540800396217244,0.04945755500192178,0.04883723423540324,0.3863946771332227,0.03850932490401278,0.5005466071210656
1046,1,0.75,8453,0.02174568906777988,0.0015531158930197075,0.04883723423540324,0.3863946771332227,0.05507638097077681,0.43046847099683583
1046,2,0.75,8453,0.053432675611777336,0.12843541754140986,0.04883723423540324,0.3863946771332227,0.03868942211427835,0.15182591997515046
1046,0,1.0,11271,0.004114186989814328,0.0021310771890034053,0.04883723423540324,0.3863946771332227,0.05056257123412603,0.3934120894317768
1047,0,0.375,4227,0.08546812074167762,0.0007103250399670413,0.12037725239200199,0.658611575770458,0.07032601648759149,0.38328021524472583
1047,1,0.375,4227,0.04943505126635553,0.031768552948116535,0.12037725239200199,0.658611575770458,0.09290455720094522,0.6152386595481669
1047,2,0.375,4227,0.04635159890167977,0.02025996545675743,0.12037725239200199,0.658611575770458,0.14772407053091424,0.908991166102208
1047,0,0.5,5636,0.017080626407754804,0.014171272145092367,0.12037725239200199,0.658611575770458,0.12499235098312941,0.7413411970887972
1047,1,0.5,5636,0.030701055541679175,0.039911181570977006,0.12037725239200199,0.658611575770458,0.10383375501723299,0.7268060175077986
1047,2,0.5,5636,0.09844479555698374,0.03502434495202905,0.12037725239200199,0.658611575770458,0.1464747399384994,0.9913692765174954
1047,0,0.75,8453,0.04376428670875184,0.006572507828661506,0.12037725239200199,0.658611575770458,0.14063147485467256,0.7981274999333605
1047,1,0.75,8453,0.07067046879278889,0.04761274009241834,0.12037725239200199,0.658611575770458,0.08501874387703413,0.3690257644676214
1047,2,0.75,8453,0.07688334146022632,0.03462761926122407,0.12037725239200199,0.658611575770458,0.14095994244426324,0.9514892051187226
1047,0,1.0,11271,0.002123723642834236,0.001244991111226279,0.12037725239200199,0.658611575770458,0.12118264702321373,0.65853239424351
1049,0,0.375,4227,0.09930731261603842,0.01750953898142152,0.04836946995341108,0.3053193375197398,0.027657705184421167,0.19627501916158727
1049,1,0.375,4227,0.08679366354468637,0.4410234303647713,0.04836946995341108,0.3053193375197398,0.06681652151269894,-0.23643423519472706
1049,2,0.375,4227,0.05859204841383935,0.12836261433254756,0.04836946995341108,0.3053193375197398,0.015594944463914772,0.5187948950168852
1049,0,0.5,5636,0.08802426141417045,0.02342320847254195,0.04836946995341108,0.3053193375197398,0.024738882221636376,0.18325186462252446
1049,1,0.5,5636,0.13421649269012065,0.3189025707224014,0.04836946995341108,0.3053193375197398,0.10040460771581167,-0.62565178666878
1049,2,0.5,5636,0.05063508530568383,0.10039034358049909,0.04836946995341108,0.3053193375197398,0.02910117704983279,0.5014659214303723
1049,0,0.75,8453,0.07039279549484574,0.10229537776126994,0.04836946995341108,0.3053193375197398,0.025272250128096755,0.450267602307634
1049,1,0.75,8453,0.055948850333829105,1.1556485567663108,0.04836946995341108,0.3053193375197398,0.05252548369193554,0.039971568637037755
1049,2,0.75,8453,0.015771008532165266,0.0259823918202772,0.04836946995341108,0.3053193375197398,0.04286391447439265,0.2324444918607799
1049,0,1.0,11271,0.004655614126804463,0.0007298769970996433,0.04836946995341108,0.3053193375197398,0.04675026638386113,0.29374521897176226
1051,0,0.375,4227,0.06943492862991399,0.04510757703181558,0.027834250854550623,0.3090422757520929,0.031941914753929546,0.7104742432953907
1051,1,0.375,4227,0.08068180503954492,0.13828999223633226,0.027834250854550623,0.3090422757520929,0.00956124963612671,-0.19826813972172713
1051,2,0.375,4227,0.09229342266271262,0.04569317371884934,0.027834250854550623,0.3090422757520929,0.03958790484071661,0.8921622981953465
1051,0,0.5,5636,0.06425603587153048,0.03998094395292386,0.027834250854550623,0.3090422757520929,0.035179818305525454,0.702399261435851
1051,1,0.5,5636,0.029174574798158104,0.021971801184525963,0.027834250854550623,0.3090422757520929,0.031004180881431104,0.4553120363502881
1051,2,0.5,5636,0.09029511917893218,0.04702061221432863,0.027834250854550623,0.3090422757520929,0.035931986361936244,0.8347433997432879
1051,0,0.75,8453,0.0498494493231598,0.022695772396653227,0.027834250854550623,0.3090422757520929,0.037589734348576424,0.5579563373030039
1051,1,0.75,8453,0.0505117920904493,0.019385516818059362,0.027834250854550623,0.3090422757520929,0.039099782874484776,0.5531894090440186
1051,2,0.75,8453,0.07621444162751073,0.030701652401878374,0.027834250854550623,0.3090422757520929,0.045416514058631945,0.7650449130555446
1051,0,1.0,11271,0.001359731137918877,0.00038884883102341394,0.027834250854550623,0.3090422757520929,0.027420353224058495,0.30576689983904376
1052,0,0.375,4227,0.09692187604173143,0.4113187385232132,0.0531246560506356,0.13589449715046506,0.00850122911036985,-0.41686986915803065
1052,1,0.375,4227,0.10107158344360266,0.28322399322841757,0.0531246560506356,0.13589449715046506,0.08854121650930996,0.8220964289114195
1052,2,0.375,4227,0.08896878431474256,0.4616002204197426,0.0531246560506356,0.13589449715046506,0.023331644506157226,-0.3301282499744003
1052,0,0.5,5636,0.029757322969927585,0.05026552808528545,0.0531246560506356,0.13589449715046506,0.041825227447593476,0.12277696871077785
1052,1,0.5,5636,0.13073756734760714,0.27881181086274587,0.0531246560506356,0.13589449715046506,0.11951301254745542,1.0659961685380581
1052,2,0.5,5636,0.0937199236825364,0.46354244026797997,0.0531246560506356,0.13589449715046506,0.030082436317046574,-0.41426329945188406
1052,0,0.75,8453,0.07895855811893093,0.5198331030054069,0.0531246560506356,0.13589449715046506,0.03663872515143509,-0.28422521881943463
1052,1,0.75,8453,0.12029726311637409,0.2627434939586504,0.0531246560506356,0.13589449715046506,0.11474177542881861,0.8951456563357285
1052,2,0.75,8453,0.061638302777085235,0.6093668373604149,0.0531246560506356,0.13589449715046506,0.03243053850140676,-0.14846353551849087
1052,0,1.0,11271,0.002932837196086272,0.003862256495827332,0.0531246560506356,0.13589449715046506,0.05216833315415966,0.1321426548038182
1053,0,0.375,4227,0.04335110040407008,0.013207441176620052,0.11771063141082232,1.0298491945454333,0.09167372996760156,0.9068395083273507
1053,1,0.375,4227,0.08931634537898608,0.03639864449646052,0.11771063141082232,1.0298491945454333,0.04005661786351258,0.5142039259218029
1053,2,0.375,4227,0.06408409651823387,0.014015221506753175,0.11771063141082232,1.0298491945454333,0.10495999190258225,0.8179925142364213
1053,0,0.5,5636,0.050946371839643186,0.018624691843852362,0.11771063141082232,1.0298491945454333,0.07366860258992979,0.7699943697620331
1053,1,0.5,5636,0.07028714963826882,0.022622290680343285,0.11771063141082232,1.0298491945454333,0.05772848414276538,0.6296969725556377
1053,2,0.5,5636,0.02142846746870192,0.001946031850116381,0.11771063141082232,1.0298491945454333,0.12023374314645512,1.0343138399136087
1053,0,0.75,8453,0.02957539227844998,0.014819364201745414,0.11771063141082232,1.0298491945454333,0.09579493865511582,0.9629612428628008
1053,1,0.75,8453,0.03888393523836169,0.015235871768963044,0.11771063141082232,1.0298491945454333,0.09476407339020562,0.9566038295725989
1053,2,0.75,8453,0.08809190589974943,0.004399890174550461,0.11771063141082232,1.0298491945454333,0.07670745661719304,0.6462362058060408
1053,0,1.0,11271,0.00999940406924102,0.0007372220754302411,0.11771063141082232,1.0298491945454333,0.11721880057481544,1.0189738420022325
1055,0,0.375,4227,0.03301282703455687,0.1589924369278885,0.018123683468760043,0.07040310799495829,0.015997012299824778,0.16251365031179058
1055,1,0.375,4227,0.10125238226712106,0.3179362825309081,0.018123683468760043,0.07040310799495829,0.039373195652454326,-0.6507002358191224
1055,2,0.375,4227,0.041481009034301554,0.34544062577907586,0.018123683468760043,0.07040310799495829,0.016992982410653494,-0.19307288164158135
1055,0,0.5,5636,0.00992547601360744,0.06304308080971238,0.018123683468760043,0.07040310799495829,0.018734603212696713,0.058459698983881786
1055,1,0.5,5636,0.1076266111758213,0.3166771835585097,0.018123683468760043,0.07040310799495829,0.042116202500125884,-0.7108236298907279
1055,2,0.5,5636,0.04379073827867422,0.35248830694399447,0.018123683468760043,0.07040310799495829,0.018200609366308514,-0.191462450675168
1055,0,0.75,8453,0.007176050234685441,0.039087435899935574,0.018123683468760043,0.07040310799495829,0.01816055890892135,0.061246728863095914
1055,1,0.75,8453,0.020687266372159212,1.6257147595041306,0.018123683468760043,0.07040310799495829,0.01976443399517482,0.010495455548282687
1055,2,0.75,8453,0.014610104158979287,0.4790765906281361,0.018123683468760043,0.07040310799495829,0.013034627024171647,0.017697973929952485
1055,0,1.0,11271,0.0017769818452648032,0.008676081560826693,0.018123683468760043,0.07040310799495829,0.018273156316892553,0.07345955891953397
1059,0,0.375,4227,0.040956251173983174,1.1382388210162158,0.03151496018136329,0.024676433623413232,0.02415418206593184,0.17390995766854167
1059,1,0.375,4227,0.06561370255917576,1.2012435519667566,0.03151496018136329,0.024676433623413232,0.02731986699948889,0.3600201108071788
1059,2,0.375,4227,0.06819652264499006,1.1677236181745354,0.03151496018136329,0.024676433623413232,0.041067976819645545,0.3753783815656356
1059,0,0.5,5636,0.0562631148660833,1.2123991463161878,0.03151496018136329,0.024676433623413232,0.017597034098099616,0.2718583552512029
1059,1,0.5,5636,0.06675820103011597,1.236975105034196,0.03151496018136329,0.024676433623413232,0.014375717479589958,0.3580259293211334
1059,2,0.5,5636,0.03392197728235337,1.7141014578228837,0.03151496018136329,0.024676433623413232,0.033975105545176146,-0.07775092947856195
1059,0,0.75,8453,0.04588548582982129,1.1084602658232097,0.03151496018136329,0.024676433623413232,0.034448683697005475,0.20424011815000132
1059,1,0.75,8453,0.030012768145349793,1.0222046761294077,0.03151496018136329,0.024676433623413232,0.038585846040168965,0.1513626562056585
1059,2,0.75,8453,0.02947251993895286,1.717711806391104,0.03151496018136329,0.024676433623413232,0.03480193159383496,-0.07899046183516753
1059,0,1.0,11271,0.003292723926035284,0.32309162812915226,0.03151496018136329,0.024676433623413232,0.03157463378531148,0.019731439697430204
1060,0,0.375,4227,0.04854653083505385,0.030201408915673682,0.01818586987767913,0.3748979637383253,0.002040237078920372,0.11144303755322833
1060,1,0.375,4227,0.03558160222906273,0.0613369098094187,0.01818586987767913,0.3748979637383253,-0.0038832951633412873,0.3027188724127921
1060,2,0.375,4227,0.0798056837915946,0.03301721176590518,0.01818586987767913,0.3748979637383253,-0.0039605374143060375,-0.2556564267861053
1060,0,0.5,5636,0.03359177387683663,0.026884808957171817,0.01818586987767913,0.3748979637383253,0.013318995418499157,0.615934556135828
1060,1,0.5,5636,0.024885299301764956,0.027023213772531515,0.01818586987767913,0.3748979637383253,0.005679566551084941,0.26434246276682516
1060,2,0.5,5636,0.04971034862002624,0.03760371083093869,0.01818586987767913,0.3748979637383253,0.0008066531814653631,0.0739699891223288
1060,0,0.75,8453,0.01238347871881484,0.011864644423363963,0.01818586987767913,0.3748979637383253,0.016144918653796116,0.4405858299295546
1060,1,0.75,8453,0.07126049863369922,0.08997697280836689,0.01818586987767913,0.3748979637383253,0.008945213704444644,-0.2157130237120032
1060,2,0.75,8453,0.01603273776216281,0.010545914745673825,0.01818586987767913,0.3748979637383253,0.013744295200743837,0.3620450933611491
1060,0,1.0,11271,0.002984819230062348,0.0028632358996797946,0.01818586987767913,0.3748979637383253,0.0168282970691831,0.36867279857193525
1062,0,0.375,4227,0.040706143709991496,0.022018188305849035,0.0811267351538277,0.41429571882806937,0.1070165408094671,0.6157445054859321
1062,1,0.375,4227,0.04017143791250659,0.028148265303685804,0.0811267351538277,0.41429571882806937,0.0628036723119647,0.37456678289013756
1062,2,0.375,4227,0.07291993031139209,0.02445856983156114,0.0811267351538277,0.41429571882806937,0.03778018032289645,0.17151214700470901
1062,0,0.5,5636,0.023505192565593695,0.01431450795870931,0.0811267351538277,0.41429571882806937,0.0862843333790893,0.47538551660848855
1062,1,0.5,5636,0.036708966367773405,0.06195239519478024,0.0811267351538277,0.41429571882806937,0.07461741729199932,0.5574036773100883
1062,2,0.5,5636,0.07222308539068448,0.0986354465249083,0.0811267351538277,0.41429571882806937,0.03778017155223184,0.12830590867727876
1062,0,0.75,8453,0.078351668882527,0.03534890172147573,0.0811267351538277,0.41429571882806937,0.12566386514276254,0.7831011307253495
1062,1,0.75,8453,0.027864582597805786,0.021258923587948203,0.0811267351538277,0.41429571882806937,0.09242702471925411,0.5294872175991977
1062,2,0.75,8453,0.064180517704607,0.0489729899581231,0.0811267351538277,0.41429571882806937,0.09243602241325069,0.6294783516676118
1062,0,1.0,11271,0.011669365921028761,0.009939907245512719,0.0811267351538277,0.41429571882806937,0.08563374371221376,0.46069736695273844
1065,0,0.375,4227,0.10209916669756705,0.8116084559212597,0.07851989669161588,0.4516052138440471,0.01904889308541218,-0.029869371195310985
1065,1,0.375,4227,0.06734908473739379,0.04570825033811768,0.07851989669161588,0.4516052138440471,0.08644058377316195,0.6744729390733805
1065,2,0.375,4227,0.10003523327889896,0.9248541165728201,0.07851989669161588,0.4516052138440471,0.019451414367723546,-0.02590117911345632
1065,0,0.5,5636,0.05496301434095541,0.04887870961204917,0.07851989669161588,0.4516052138440471,0.098385839259663,0.7871513468324206
1065,1,0.5,5636,0.07891849429155108,0.25142767235089414,0.07851989669161588,0.4516052138440471,0.039760141265255955,0.09348813581636307
1065,2,0.5,5636,0.07413973122738143,0.058644506738029845,0.07851989669161588,0.4516052138440471,0.03906105121035218,0.16799516227847194
1065,0,0.75,8453,0.06652286470135932,0.03467415652771713,0.07851989669161588,0.4516052138440471,0.10449222745204144,0.7506933504449672
1065,1,0.75,8453,0.04534001698875403,0.007107418267264798,0.07851989669161588,0.4516052138440471,0.05732574554702252,0.31675906514191093
1065,2,0.75,8453,0.040002218093186596,0.029118001740255306,0.07851989669161588,0.4516052138440471,0.08643005062802378,0.597096963186914
1065,0,1.0,11271,0.0030697040409131886,0.0015265091564215238,0.07851989669161588,0.4516052138440471,0.07810075213364816,0.45317322997034987
1066,0,0.375,4227,0.09640236612634659,0.07772353745812076,0.029669221534058234,0.19191640293619378,0.06048345823688315,0.7868179530701768
1066,1,0.375,4227,0.04035197567086913,0.08053969061028697,0.029669221534058234,0.19191640293619378,0.011434265387159134,0.15440272592380888
1066,2,0.375,4227,0.027761867634307026,0.058530721181956,0.029669221534058234,0.19191640293619378,0.03127537624336218,0.3255688525460061
1066,0,0.5,5636,0.03540658898429943,0.058473081253821654,0.029669221534058234,0.19191640293619378,0.03338738287729911,0.3473459003886522
1066,1,0.5,5636,0.08173050071637543,0.09083838127404484,0.029669221534058234,0.19191640293619378,0.04595537092225071,0.7207993116185037
1066,2,0.5,5636,0.030737607196475496,0.12299858242044429,0.029669221534058234,0.19191640293619378,0.018208671317300418,0.06559482950765735
1066,0,0.75,8453,0.046698331192972065,0.04947960654890847,0.029669221534058234,0.19191640293619378,0.04434395568196518,0.4218617517605308
1066,1,0.75,8453,0.07858904086340378,0.07429624723728366,0.029669221534058234,0.19191640293619378,0.05383935771978215,0.6704922179959117
1066,2,0.75,8453,0.06888924488137639,0.06987081516702616,0.029669221534058234,0.19191640293619378,0.05003143587810111,0.5905247434037376
1066,0,1.0,11271,0.0022512322799645066,0.009479961420535754,0.029669221534058234,0.19191640293619378,0.030257903071348097,0.18441567124567582
1068,0,0.375,4227,0.061512608935486726,0.13109572321755977,0.031978840267057586,0.18389925193384724,0.026856344489777324,0.6275208123183259
1068,1,0.375,4227,0.04089368410991127,0.11731595618013876,0.031978840267057586,0.18389925193384724,0.026636748161486173,0.4708027208986873
1068,2,0.375,4227,0.04458236010948129,0.4654058221866446,0.031978840267057586,0.18389925193384724,0.022153090440432736,0.03465215434914709
1068,0,0.5,5636,0.056335045374741335,0.12730224077686317,0.031978840267057586,0.18389925193384724,0.02510361854006916,0.5388081101690011
1068,1,0.5,5636,0.023159192448167665,0.07483820107146542,0.031978840267057586,0.18389925193384724,0.031604125759294915,0.31905615305705776
1068,2,0.5,5636,0.063925080705099,0.11264932519290385,0.031978840267057586,0.18389925193384724,0.035310730835245385,0.5765588291866076
1068,0,0.75,8453,0.040862913720294665,0.1101085927393884,0.031978840267057586,0.18389925193384724,0.026468287981894354,0.4149631798216886
1068,1,0.75,8453,0.0333404061897403,0.07435562590747252,0.031978840267057586,0.18389925193384724,0.03253945006022924,0.32690600542338255
1068,2,0.75,8453,0.03759439293038811,0.08319624919135521,0.031978840267057586,0.18389925193384724,0.03272858716607316,0.3608562971884694
1068,0,1.0,11271,0.00144778149442946,0.003553214731105925,0.031978840267057586,0.18389925193384724,0.031633421553072354,0.18570748685679062
1070,0,0.375,4227,0.05084431379698735,0.02426402630720917,0.12546244527133504,0.7398820776806122,0.10561938895402219,0.7268714161500742
1070,1,0.375,4227,0.03630625149867782,0.050149076168108445,0.12546244527133504,0.7398820776806122,0.08410910862261652,0.704302859216323
1070,2,0.375,4227,0.13702163534716844,0.43836984946475954,0.12546244527133504,0.7398820776806122,0.007376694154294061,-0.0274431624787025
1070,0,0.5,5636,0.06417255821921501,0.029746249562686178,0.12546244527133504,0.7398820776806122,0.08737594652072285,0.6248967329388292
1070,1,0.5,5636,0.03127202856225483,0.02665646607658953,0.12546244527133504,0.7398820776806122,0.08979786361290121,0.6283332059856767
1070,2,0.5,5636,0.11518736521008738,0.48858898931379646,0.12546244527133504,0.7398820776806122,0.05168155523351193,0.0785243201181689
1070,0,0.75,8453,0.012877907967321434,0.009244956979466284,0.12546244527133504,0.7398820776806122,0.12388138642758441,0.7726847552944488
1070,1,0.75,8453,0.02690788066140882,0.012439448668583375,0.12546244527133504,0.7398820776806122,0.11858748190391563,0.754702549523868
1070,2,0.75,8453,0.05293651838956927,0.00852863836891693,0.12546244527133504,0.7398820776806122,0.09966232711767876,0.5595878944247122
1070,0,1.0,11271,0.011419921227462894,0.005458794783759158,0.12546244527133504,0.7398820776806122,0.1230754185102912,0.7499473802784284
1072,0,0.375,4227,0.05432885125561207,0.0771020946493997,0.026607197208443484,0.3272135881851055,0.0006713725802286067,0.15938126130020733
1072,1,0.375,4227,0.06340427180797183,0.03777773083946265,0.026607197208443484,0.3272135881851055,0.03499460176283456,0.29384463108492
1072,2,0.375,4227,0.06895042940336166,1.8913849040994772,0.026607197208443484,0.3272135881851055,-0.01548375211724409,0.008554226269674527
1072,0,0.5,5636,0.028689068277650227,0.0478540604228066,0.026607197208443484,0.3272135881851055,0.014328694422126018,0.4282283929653995
1072,1,0.5,5636,0.025325498780740915,0.030736835264923303,0.026607197208443484,0.3272135881851055,0.0160862397222974,0.31805049868404695
1072,2,0.5,5636,0.051758574313850794,0.027391793492932227,0.026607197208443484,0.3272135881851055,0.034472257937473876,0.6392906407418534
1072,0,0.75,8453,0.017838546546932222,0.014562850824843807,0.026607197208443484,0.3272135881851055,0.02007017428768726,0.3006695064691899
1072,1,0.75,8453,0.04124482357631195,0.04213958787066935,0.026607197208443484,0.3272135881851055,0.016108437858535968,0.13048124176874842
1072,2,0.75,8453,0.07705588643204912,0.017790898799797145,0.026607197208443484,0.3272135881851055,0.05053786373320209,0.7955766395077659
1072,0,1.0,11271,0.0019476850884872843,0.0024297480699177476,0.026607197208443484,0.3272135881851055,0.027623393865304293,0.3298543686008608
1076,0,0.375,4227,0.05281959417650107,0.03279194464019747,0.17392756539529883,0.9433432363820913,0.1466552234316186,0.9674999709429581
1076,1,0.375,4227,0.040038863297384,0.034776863331654806,0.17392756539529883,0.9433432363820913,0.14968907992572306,1.0006174452464565
1076,2,0.375,4227,0.10449913252419425,0.02940208230437527,0.17392756539529883,0.9433432363820913,0.09624599534576601,0.45021961968880975
1076,0,0.5,5636,0.06372159739272339,0.04514263163666343,0.17392756539529883,0.9433432363820913,0.1005011995177664,0.7218309144831907
1076,1,0.5,5636,0.024827747478484815,0.006779989449028856,0.17392756539529883,0.9433432363820913,0.16809473463645838,0.9465135447430543
1076,2,0.5,5636,0.08724677876867207,0.012936214608105012,0.17392756539529883,0.9433432363820913,0.11757148640835034,0.5958725431551003
1076,0,0.75,8453,0.05402056211705529,0.019971357523446975,0.17392756539529883,0.9433432363820913,0.13951902980603817,0.6827623653612009
1076,1,0.75,8453,0.028887311750662337,0.023118108429287437,0.17392756539529883,0.9433432363820913,0.15631103863348048,0.9693379176143034
1076,2,0.75,8453,0.018431953596639166,0.00020019314503466612,0.17392756539529883,0.9433432363820913,0.1684129720756772,0.9144262321830913
1076,0,1.0,11271,0.012180096751746888,0.001347941340466119,0.17392756539529883,0.9433432363820913,0.17471382574859054,0.954586643402921
1078,0,0.375,4227,0.07351201094375379,0.07635199553902447,0.038544730614002994,0.28237370542457296,0.03568001387299706,0.5931784781475788
1078,1,0.375,4227,0.07329368809001564,0.10519884343094796,0.038544730614002994,0.28237370542457296,0.019167235815235294,0.6122992582487297
1078,2,0.375,4227,0.13906925274945472,0.2587013912219172,0.038544730614002994,0.28237370542457296,0.08336598974390734,-0.6822158733754321
1078,0,0.5,5636,0.07655187505321641,0.06502692857105265,0.038544730614002994,0.28237370542457296,0.04304946134631715,0.6022957334958768
1078,1,0.5,5636,0.07226972359187979,0.0995655800200847,0.038544730614002994,0.28237370542457296,0.02126015406215014,0.5755792784657315
1078,2,0.5,5636,0.0706922507979306,1.0580745838184862,0.038544730614002994,0.28237370542457296,0.04539365411604966,-0.04925676171828616
1078,0,0.75,8453,0.018361369647560927,0.05690699757911322,0.038544730614002994,0.28237370542457296,0.03811741994412207,0.1970813777362206
1078,1,0.75,8453,0.023345631536334923,0.02094238173496854,0.038544730614002994,0.28237370542457296,0.03956891725568637,0.3424096566137756
1078,2,0.75,8453,0.05577993759173916,4.444521772660484,0.038544730614002994,0.28237370542457296,0.04112886420014916,0.008978093393653252
1078,0,1.0,11271,0.0033196732091712003,0.005306033481999511,0.038544730614002994,0.28237370542457296,0.037527749913965625,0.2646366616709045
1080,0,0.375,4227,0.021195755835647884,0.07451790904081826,0.047028718000191226,0.22973708939932086,0.041791818711151965,0.32100938343168106
1080,1,0.375,4227,0.06548662570554514,0.40923044242615647,0.047028718000191226,0.22973708939932086,0.020983927699291596,-0.10259897415736668
1080,2,0.375,4227,0.10963002745202252,0.22871163406489317,0.047028718000191226,0.22973708939932086,0.012449541024747095,-0.5186239307774255
1080,0,0.5,5636,0.04112609492839823,0.24926015023288522,0.047028718000191226,0.22973708939932086,0.039803898000878156,0.08768018918720591
1080,1,0.5,5636,0.08533939719749994,0.12175862065592277,0.047028718000191226,0.22973708939932086,0.05541532201552959,0.6680725153904424
1080,2,0.5,5636,0.10890483775038516,0.2413982256911821,0.047028718000191226,0.22973708939932086,0.01940116967888863,-0.5287641055991714
1080,0,0.75,8453,0.021596286338553303,0.049164244735795615,0.047028718000191226,0.22973708939932086,0.04532152862272996,0.2913772507102961
1080,1,0.75,8453,0.01419025034660037,0.03550916308466717,0.047028718000191226,0.22973708939932086,0.03976843151137306,0.23504145364131152
1080,2,0.75,8453,0.08942207445108437,0.2743937005066837,0.047028718000191226,0.22973708939932086,0.0250199848451372,-0.3590336689735694
1080,0,1.0,11271,0.0020892082709683536,0.00015972735777433633,0.047028718000191226,0.22973708939932086,0.04660256601928241,0.22747782555133958
1082,0,0.375,4227,0.042480843574639174,0.013244071172405225,0.14208075767475897,0.8405901407148695,0.13469988703649835,0.8646750192589362
1082,1,0.375,4227,0.10048574582038038,0.04823133822804121,0.14208075767475897,0.8405901407148695,0.13072282975624192,0.6016985478060783
1082,2,0.375,4227,0.06703832543627251,0.02020918402678798,0.14208075767475897,0.8405901407148695,0.12733686436125738,0.8556674855030358
1082,0,0.5,5636,0.06077238141929042,0.011376102980326014,0.14208075767475897,0.8405901407148695,0.16184354973512777,1.0266074906428457
1082,1,0.5,5636,0.054366358983806616,0.01136824999081143,0.14208075767475897,0.8405901407148695,0.15335318682307506,0.9727028892650555
1082,2,0.5,5636,0.020316740678029573,0.0007841554391172512,0.14208075767475897,0.8405901407148695,0.1525421543101023,0.898315194769778
1082,0,0.75,8453,0.06658512077768823,0.016805834647935364,0.14208075767475897,0.8405901407148695,0.1565151052610841,1.0282219963457282
1082,1,0.75,8453,0.06030957177834464,0.016549370141109465,0.14208075767475897,0.8405901407148695,0.1538215573152336,1.0088270924854135
1082,2,0.75,8453,0.013130583111152505,0.001393779396424405,0.14208075767475897,0.8405901407148695,0.14232821431141557,0.8490554716864063
1082,0,1.0,11271,0.006768416048567433,0.003003348788068627,0.14208075767475897,0.8405901407148695,0.1392642658271082,0.838831897461519
1084,0,0.375,4227,0.029643602860279613,0.11064540870283268,0.0223099560865138,0.2455594811577895,-0.006431650207299608,0.32496480322528026
1084,1,0.375,4227,0.07438093741524167,0.061190915240141336,0.0223099560865138,0.2455594811577895,0.017921827189977337,0.6041881927930091
1084,2,0.375,4227,0.0929004250972756,0.19779170852212252,0.0223099560865138,0.2455594811577895,0.04064584694579836,-0.38008748234305345
1084,0,0.5,5636,0.0435816372946661,0.1800241914620129,0.0223099560865138,0.2455594811577895,0.014453570140278703,0.053358274732897205
1084,1,0.5,5636,0.06878690377635734,0.05623329863836089,0.0223099560865138,0.2455594811577895,0.020026158472650223,0.5784517662109306
1084,2,0.5,5636,0.05307129130079924,1.7725226579194926,0.0223099560865138,0.2455594811577895,0.01872000831684845,0.01004628480968945
1084,0,0.75,8453,0.041980071376340175,0.3607171564728785,0.0223099560865138,0.2455594811577895,0.017021285121064527,0.03769350853541979
1084,1,0.75,8453,0.052476815868318476,0.049022317460464176,0.0223099560865138,0.2455594811577895,0.021961622570215833,0.525005109947752
1084,2,0.75,8453,0.034206628281536436,0.15845182049128476,0.0223099560865138,0.2455594811577895,0.02211623747371661,0.08871142826897466
1084,0,1.0,11271,0.004934710800110111,0.0024702633242196376,0.0223099560865138,0.2455594811577895,0.022343437479782017,0.25280154960458157
1087,0,0.375,4227,0.04201207045897136,0.09783494839556783,0.04351831854435644,0.3202177529599556,0.015407528423904759,0.4047442533298449
1087,1,0.375,4227,0.0618230048141802,0.06674693257169334,0.04351831854435644,0.3202177529599556,0.04688058293792469,0.677902628343977
1087,2,0.375,4227,0.09765054448199686,0.3380990597415651,0.04351831854435644,0.3202177529599556,0.04638093285542746,-0.2293851065325993
1087,0,0.5,5636,0.09152726312640089,0.05317107236924637,0.04351831854435644,0.3202177529599556,0.050952508279177355,0.6158802437026923
1087,1,0.5,5636,0.04402432232871272,0.02534309779604857,0.04351831854435644,0.3202177529599556,0.05442728866141675,0.4922910426945484
1087,2,0.5,5636,0.015372569856126388,0.04105429227857989,0.04351831854435644,0.3202177529599556,0.03564247709402809,0.37578532612987575
1087,0,0.75,8453,0.04693891065206934,0.04246224913763082,0.04351831854435644,0.3202177529599556,0.04573061705374716,0.48941147620921854
1087,1,0.75,8453,0.04687933814735038,0.17875787315887567,0.04351831854435644,0.3202177529599556,0.04454980106751382,0.14158069418114533
1087,2,0.75,8453,0.056034784944390376,0.06995717629017933,0.04351831854435644,0.3202177529599556,0.03842701337589437,0.5827122685310648
1087,0,1.0,11271,0.0023815428580457993,0.0015346280342530272,0.04351831854435644,0.3202177529599556,0.042797626357254974,0.3185114116995407
1088,0,0.375,4227,0.03646781309931129,0.10219540779789182,0.013462535428354098,0.10654236373465854,-0.004028620957344715,-0.16672607722961824
1088,1,0.375,4227,0.02664312501318288,0.16139077938697283,0.013462535428354098,0.10654236373465854,0.003009013528808055,-0.08589264881220948
1088,2,0.375,4227,0.04819546559486553,0.016256289854572253,0.013462535428354098,0.10654236373465854,0.013949071874901355,0.09780942008761899
1088,0,0.5,5636,0.009143186121138567,0.005649333912701657,0.013462535428354098,0.10654236373465854,0.010685906194347426,0.08852603945215617
1088,1,0.5,5636,0.026700105983896792,0.10289530079841666,0.013462535428354098,0.10654236373465854,0.003997222041870903,0.17036119214046982
1088,2,0.5,5636,0.04479791558438583,0.1013782810407371,0.013462535428354098,0.10654236373465854,0.00794873544389393,0.03490316627743658
1088,0,0.75,8453,0.01022229733075826,0.04177165733656327,0.013462535428354098,0.10654236373465854,0.015753439055594228,0.18623978367228305
1088,1,0.75,8453,0.016021654127873243,0.5126580811974337,0.013462535428354098,0.10654236373465854,0.01264686468853983,-0.03273849097424561
1088,2,0.75,8453,0.04456872241611142,0.1548386937103814,0.013462535428354098,0.10654236373465854,0.007576856362072083,-0.26603968476059453
1088,0,1.0,11271,0.001761297272430582,0.0035904990177388213,0.013462535428354098,0.10654236373465854,0.013623638825102698,0.11097058244754472
1090,0,0.375,4227,0.10159731348524621,0.07518451963761742,0.09582534005359143,0.8339300493222837,0.06483910364768354,0.34109211891912944
1090,1,0.375,4227,0.03290329684912359,0.023291134816977685,0.09582534005359143,0.8339300493222837,0.07802793788110092,0.8516753932227861
1090,2,0.375,4227,0.03803410798956555,0.041553367726765114,0.09582534005359143,0.8339300493222837,0.07089504623888802,0.9664682550724815
1090,0,0.5,5636,0.10673712422654062,0.13325790671086735,0.09582534005359143,0.8339300493222837,0.05889294589778439,0.2373126773500529
1090,1,0.5,5636,0.020088089737891633,0.01374890637263966,0.09582534005359143,0.8339300493222837,0.08356165145313879,0.8260408779181261
1090,2,0.5,5636,0.05000069091298392,0.02363234508601915,0.09582534005359143,0.8339300493222837,0.09702717790870065,1.0630111934076831
1090,0,0.75,8453,0.033707124301096084,0.013446868617240898,0.09582534005359143,0.8339300493222837,0.09321564161631057,0.918731376501858
1090,1,0.75,8453,0.08897200893614059,0.009105505199268435,0.09582534005359143,0.8339300493222837,0.05145092037401878,0.41488116623310645
1090,2,0.75,8453,0.017282137713887473,0.007349161284409295,0.09582534005359143,0.8339300493222837,0.09494724545381591,0.8827459875893927
1090,0,1.0,11271,0.005427904493877873,0.00010817103015035856,0.09582534005359143,0.8339300493222837,0.09596783519472557,0.8343846637508558
1091,0,0.375,4227,0.09782068728393682,0.008002187768909999,0.0717051054938088,0.7590946591900007,0.02415198725989978,0.2793456115901026
1091,1,0.375,4227,0.05300094959924952,0.03613557641200657,0.0717051054938088,0.7590946591900007,0.03337922895962032,0.5722895300421108
1091,2,0.375,4227,0.10921859221681272,0.14701188242243793,0.0717051054938088,0.7590946591900007,0.023579472687676368,0.09764839171982191
1091,0,0.5,5636,0.07885719635680757,0.02104284773636289,0.0717051054938088,0.7590946591900007,0.0343384866429876,0.4677089026835701
1091,1,0.5,5636,0.05674001279550239,0.027945446226173204,0.0717051054938088,0.7590946591900007,0.041992570210749626,0.631316248989782
1091,2,0.5,5636,0.04739335248902205,0.022053555244186604,0.0717051054938088,0.7590946591900007,0.04783212504501366,0.6605935990004986
1091,0,0.75,8453,0.046614159150719855,0.011306435719925553,0.0717051054938088,0.7590946591900007,0.07855668933496718,0.9447029198403704
1091,1,0.75,8453,0.06058683995634868,0.02289008688344986,0.0717051054938088,0.7590946591900007,0.06666793084118976,0.9314902225960447
1091,2,0.75,8453,0.06944433406034917,0.011187157613494855,0.0717051054938088,0.7590946591900007,0.048187722000246985,0.4561136126206616
1091,0,1.0,11271,0.005228671508465374,0.00027775565138055125,0.0717051054938088,0.7590946591900007,0.07075215039238456,0.7512152372668384
1092,0,0.375,4227,0.10320753068424547,0.32304946832718645,0.07404178559451069,0.2478512524670138,0.005541624541273245,-0.22791248594929717
1092,1,0.375,4227,0.0836407384073053,0.16178700574339608,0.07404178559451069,0.2478512524670138,0.08906774589780114,0.6503775348712931
1092,2,0.375,4227,0.10053602775991365,0.15695789718439876,0.07404178559451069,0.2478512524670138,0.12246125544379138,0.8637604819546373
1092,0,0.5,5636,0.04831369925996258,0.1566923962597384,0.07404178559451069,0.2478512524670138,0.05444460873886722,0.11954624888904312
1092,1,0.5,5636,0.06892592809138655,0.125388297133453,0.07404178559451069,0.2478512524670138,0.08905051540549112,0.5137140470102555
1092,2,0.5,5636,0.06970288064017753,0.13070121957272646,0.07404178559451069,0.2478512524670138,0.10815795546471162,0.6436688303014372
1092,0,0.75,8453,0.0522183529720874,0.11809439228427568,0.07404178559451069,0.2478512524670138,0.08781606140353024,0.48613751296632945
1092,1,0.75,8453,0.016755331751938198,0.029555491604328576,0.07404178559451069,0.2478512524670138,0.06960791258448638,0.25859313674279444
1092,2,0.75,8453,0.0766891214133824,0.12638481566604898,0.07404178559451069,0.2478512524670138,0.10955473262409823,0.635652828545635
1092,0,1.0,11271,0.0023409775190431333,0.0032610832356304575,0.07404178559451069,0.2478512524670138,0.07599187696060308,0.2571866183664881
1093,0,0.375,4227,0.049534368863101426,0.04980958338939422,0.010311110567019607,0.12306024136885321,-0.003487028062127906,-0.10262138273377476
1093,1,0.375,4227,0.03538572969112069,0.15267700007200374,0.010311110567019607,0.12306024136885321,-0.0012273314570769595,0.017816365298234854
1093,2,0.375,4227,0.0434284724611968,0.042387895131651636,0.010311110567019607,0.12306024136885321,0.006286433820875508,0.15184169831000757
1093,0,0.5,5636,0.03355008669551863,0.003920303314629267,0.010311110567019607,0.12306024136885321,0.00949349837980734,0.118863626383883
1093,1,0.5,5636,0.037688284668659436,0.019564126600469023,0.010311110567019607,0.12306024136885321,0.03001961309586127,0.2904563830029214
1093,2,0.5,5636,0.03770096392013725,0.01043641188951222,0.010311110567019607,0.12306024136885321,0.009798133455804263,0.13357560159493698
1093,0,0.75,8453,0.05269189302362501,0.03663172018183363,0.010311110567019607,0.12306024136885321,0.02447761995128013,0.5190620100639685
1093,1,0.75,8453,0.02098031580144445,0.03780132242683288,0.010311110567019607,0.12306024136885321,0.011215531890352955,0.2438805516513389
1093,2,0.75,8453,0.05969214293384279,0.03573506560630732,0.010311110567019607,0.12306024136885321,0.026545481512653887,0.5524086635446948
1093,0,1.0,11271,0.004519783237220173,0.005738913468261858,0.010311110567019607,0.12306024136885321,0.012901799210790767,0.14410902668003792
1094,0,0.375,4227,0.0715998150041808,0.16420958467416744,0.03143831758035293,0.14205172452745315,0.030477326310642042,0.5336936878174346
1094,1,0.375,4227,0.10398137928446013,0.2922145398266288,0.03143831758035293,0.14205172452745315,0.0357139894094835,-0.5037336849500605
1094,2,0.375,4227,0.07307169847178642,0.1520755197386126,0.03143831758035293,0.14205172452745315,0.036083317803651975,0.5211304800796388
1094,0,0.5,5636,0.023977137681303332,0.13165880485937917,0.03143831758035293,0.14205172452745315,0.01798221542805616,0.20056636906344913
1094,1,0.5,5636,0.05725072603288125,0.4967688312413703,0.03143831758035293,0.14205172452745315,0.034991798907772556,-0.12703371776654238
1094,2,0.5,5636,0.06236525897888529,0.1564620269709415,0.03143831758035293,0.14205172452745315,0.02371502648170347,0.3656681345312551
1094,0,0.75,8453,0.012883313249000923,0.03978326590307271,0.03143831758035293,0.14205172452745315,0.025023640901172404,0.13784644876867277
1094,1,0.75,8453,0.02823655650675058,0.08274943079964836,0.03143831758035293,0.14205172452745315,0.035957530407760445,0.2594964576162733
1094,2,0.75,8453,0.08148518740779781,0.13421917155974258,0.03143831758035293,0.14205172452745315,0.05753309268564604,0.6605648274718662
1094,0,1.0,11271,0.0026547608203734575,0.021578152514426074,0.03143831758035293,0.14205172452745315,0.031091637931501014,0.15566223621958405
1095,0,0.375,4227,0.11834894672993632,0.2731637998962684,0.10876756000182686,0.4990913526762979,0.006581973137223221,-0.11916819044924998
1095,1,0.375,4227,0.075113541202525,0.05064890493164012,0.10876756000182686,0.4990913526762979,0.145714354194738,0.8710687792604609
1095,2,0.375,4227,0.09956139636847168,0.12029735715221174,0.10876756000182686,0.4990913526762979,0.02994023089355551,0.08852071578804507
1095,0,0.5,5636,0.08859419616518639,0.1536277557725919,0.10876756000182686,0.4990913526762979,0.040576496535607014,0.10920608886352767
1095,1,0.5,5636,0.008820453531349703,0.008170769200438327,0.10876756000182686,0.4990913526762979,0.10845048027419657,0.5170207645088437
1095,2,0.5,5636,0.08579636720392314,0.021847507331539506,0.10876756000182686,0.4990913526762979,0.049097088684328265,0.20476003214766525
1095,0,0.75,8453,0.07542149550119806,0.14961851788465846,0.10876756000182686,0.4990913526762979,0.06052986358996544,0.16468484774972955
1095,1,0.75,8453,0.022047677848666826,0.027444155052453595,0.10876756000182686,0.4990913526762979,0.10817880348508443,0.567906459518357
1095,2,0.75,8453,0.019147165431175162,0.008802269481228892,0.10876756000182686,0.4990913526762979,0.11885766430257148,0.5683464445510091
1095,0,1.0,11271,0.004520055331053868,0.010420934789270753,0.10876756000182686,0.4990913526762979,0.10691352075212233,0.5152204812725582
1097,0,0.375,4227,0.058907522016927116,0.06526204108474262,0.05663377798624641,0.49781916234755047,0.03644647973648484,0.7514472301524515
1097,1,0.375,4227,0.047620391203045564,0.021509433918787277,0.05663377798624641,0.49781916234755047,0.04786084976228659,0.3538088338122921
1097,2,0.375,4227,0.042782118217229034,0.04306891255684443,0.05663377798624641,0.49781916234755047,0.05387348567755741,0.7620567872022553
1097,0,0.5,5636,0.05278106166190766,0.04503380404468793,0.05663377798624641,0.49781916234755047,0.049735283126880254,0.7236333115504897
1097,1,0.5,5636,0.06791654844324392,0.05598970625762358,0.05663377798624641,0.49781916234755047,0.04738887036639032,0.820244904672325
1097,2,0.5,5636,0.053524745713294866,0.02793427014655253,0.05663377798624641,0.49781916234755047,0.06580360210250422,0.7666782695269486
1097,0,0.75,8453,0.05972533408330717,0.05078783268068397,0.05663377798624641,0.49781916234755047,0.04089302519210878,0.24851188241804043
1097,1,0.75,8453,0.073164848103393,0.03582662307629417,0.05663377798624641,0.49781916234755047,0.06462727021457,0.8292230845862162
1097,2,0.75,8453,0.05174409753155583,0.04312706876556764,0.05663377798624641,0.49781916234755047,0.05088271137124161,0.32431922817758624
1097,0,1.0,11271,0.0033108322099489034,0.0021136202171434804,0.05663377798624641,0.49781916234755047,0.05630537203587568,0.5043018655442183
1098,0,0.375,4227,0.016773957186089004,0.033740175060008676,0.034884905713719175,0.29160689453489336,0.032634779729447394,0.37996136371915157
1098,1,0.375,4227,0.09323546055014871,0.052716261783618754,0.034884905713719175,0.29160689453489336,0.05407276470918175,0.8080977269077568
1098,2,0.375,4227,0.05095341830730385,0.04199802965528168,0.034884905713719175,0.29160689453489336,0.04465414393508686,0.5752037099141486
1098,0,0.5,5636,0.04545947187419588,0.07596588549858219,0.034884905713719175,0.29160689453489336,0.01588838524949623,0.08123071071931434
1098,1,0.5,5636,0.08179513183794433,0.04475098804743008,0.034884905713719175,0.29160689453489336,0.058593986416251125,0.7825164562826914
1098,2,0.5,5636,0.06404744986411565,0.050750939506874176,0.034884905713719175,0.29160689453489336,0.04630038871907168,0.6721992258609141
1098,0,0.75,8453,0.05060058301972714,0.025975179900004017,0.034884905713719175,0.29160689453489336,0.0479957756353555,0.5124757398940384
1098,1,0.75,8453,0.09264637472593722,0.04255848887866906,0.034884905713719175,0.29160689453489336,0.06476527705230627,0.8403280816141314
1098,2,0.75,8453,0.013828259954577891,0.02229784850961225,0.034884905713719175,0.29160689453489336,0.03335866424254023,0.3427304909911
1098,0,1.0,11271,0.0014825549971585843,3.872882895911145e-06,0.034884905713719175,0.29160689453489336,0.03424689749465079,0.2862829793546796
1099,0,0.375,4227,0.06655349777124227,0.010651451661143174,0.015401285388339165,0.3672703644478073,0.0420042019321338,0.7987728741637763
1099,1,0.375,4227,0.05667914886342443,0.0544267564870297,0.015401285388339165,0.3672703644478073,-0.0070747331231447805,-0.07341888349808894
1099,2,0.375,4227,0.044447355344161325,0.017823303450682206,0.015401285388339165,0.3672703644478073,0.017038202238866512,0.7066521390664172
1099,0,0.5,5636,0.027569308519272164,0.0035062333702493773,0.015401285388339165,0.3672703644478073,0.018863709883828732,0.490881579160925
1099,1,0.5,5636,0.03799785874235532,0.005800270462382594,0.015401285388339165,0.3672703644478073,0.004207844630960828,0.11645049670937037
1099,2,0.5,5636,0.049006903842055916,0.00018587458123888595,0.015401285388339165,0.3672703644478073,0.027131758652097843,0.6441486564839459
1099,0,0.75,8453,0.023040633151088345,0.022020438545950857,0.015401285388339165,0.3672703644478073,0.014637423190892531,0.22887101554719688
1099,1,0.75,8453,0.07573609988971444,0.10992109041048959,0.015401285388339165,0.3672703644478073,0.01399589456171584,-0.20586246188704305
1099,2,0.75,8453,0.02085573459793098,0.007241647870521742,0.015401285388339165,0.3672703644478073,0.01723779392868068,0.49686928049784623
1099,0,1.0,11271,0.002617012448803673,0.001636083777964252,0.015401285388339165,0.3672703644478073,0.01633860088705208,0.3749918745211755
1101,0,0.375,4227,0.12292479520364168,0.20977290785243435,0.03495895458007623,0.33202023462756974,0.05893684449514731,-0.5640900513943203
1101,1,0.375,4227,0.04759696733901541,0.19370378385186351,0.03495895458007623,0.33202023462756974,0.022737134985454436,0.07604509391026426
1101,2,0.375,4227,0.06878779711047779,0.3627744145226922,0.03495895458007623,0.33202023462756974,0.03313711587014551,-0.1286964371195993
1101,0,0.5,5636,0.022906447746818954,0.01663405699462274,0.03495895458007623,0.33202023462756974,0.02436938998320004,0.27487090803660275
1101,1,0.5,5636,0.07771283536569824,0.27502560984594493,0.03495895458007623,0.33202023462756974,0.03107546568429522,-0.1830833596333343
1101,2,0.5,5636,0.03683651216152396,0.12445351907171184,0.03495895458007623,0.33202023462756974,0.022763998084710958,0.099083690412086
1101,0,0.75,8453,0.03862442992208238,0.010512434701262174,0.03495895458007623,0.33202023462756974,0.03589295064415637,0.30994549323706205
1101,1,0.75,8453,0.038050243384582016,0.16453567600125427,0.03495895458007623,0.33202023462756974,0.036626019451075374,0.13573873902959827
1101,2,0.75,8453,0.036935841659221466,0.13601079601327443,0.03495895458007623,0.33202023462756974,0.02914945034026333,0.1208004816730157
1101,0,1.0,11271,0.006968011933273041,0.0012733003612541843,0.03495895458007623,0.33202023462756974,0.03223584630864979,0.3024995518934954
1103,0,0.375,4227,0.08970576077705994,0.030992686927588137,0.06624147126655137,0.604293266075298,0.028572873979715613,0.20320543985180628
1103,1,0.375,4227,0.05027108016303881,0.06348805268844582,0.06624147126655137,0.604293266075298,0.02808506922836589,0.6088239516666016
1103,2,0.375,4227,0.06570368100138818,0.06942479013495773,0.06624147126655137,0.604293266075298,0.01871914192504634,0.4657279647882123
1103,0,0.5,5636,0.11574237035328949,0.725224751292866,0.06624147126655137,0.604293266075298,0.040878598298459815,-0.06640376170268025
1103,1,0.5,5636,0.05597441918666424,0.0627719876199124,0.06624147126655137,0.604293266075298,0.023988360642866875,0.512067417017306
1103,2,0.5,5636,0.03778545120655653,0.0500354330207871,0.06624147126655137,0.604293266075298,0.03810913053186242,0.6396011014339557
1103,0,0.75,8453,0.0538484853533001,0.024381168351258198,0.06624147126655137,0.604293266075298,0.05289924101335366,0.3947726517765023
1103,1,0.75,8453,0.024163311674044133,0.01874305085526673,0.06624147126655137,0.604293266075298,0.05364886345057932,0.5903586536143123
1103,2,0.75,8453,0.03920590803141011,0.014874702683363106,0.06624147126655137,0.604293266075298,0.06886059822054556,0.7268116858591411
1103,0,1.0,11271,0.0065584255287074456,0.0016749708484325443,0.06624147126655137,0.604293266075298,0.06337634025757898,0.5871272115272147
1106,0,0.375,4227,0.06431424597569904,0.24596396534748188,0.08317945238016734,0.21258914773798318,0.07216656842451762,0.4966571246568092
1106,1,0.375,4227,0.036621382530861224,0.13740852227108769,0.08317945238016734,0.21258914773798318,0.054165574575005614,0.21336785567626881
1106,2,0.375,4227,0.08642991406630203,0.26688041192376816,0.08317945238016734,0.21258914773798318,0.08036280009956094,0.6460647032600093
1106,0,0.5,5636,0.07444002544416067,1.1881186827765844,0.08317945238016734,0.21258914773798318,0.06338197424544563,-0.07954064815192563
1106,1,0.5,5636,0.06986499016616042,1.6525199515407745,0.08317945238016734,0.21258914773798318,0.0421415387551159,-0.033412481808058815
1106,2,0.5,5636,0.12501142750740352,0.2701931533666366,0.08317945238016734,0.21258914773798318,0.11176170873792059,0.9230751334132778
1106,0,0.75,8453,0.05895900124458941,67.30995171866752,0.08317945238016734,0.21258914773798318,0.06298880934760413,-0.0009412738922266317
1106,1,0.75,8453,0.057087070977481016,0.17575863580743833,0.08317945238016734,0.21258914773798318,0.08391992221222694,0.3894016372113823
1106,2,0.75,8453,0.04214236378541812,0.1284181599631854,0.08317945238016734,0.21258914773798318,0.08557424694708013,0.3255625361097645
1106,0,1.0,11271,0.002719159860902422,0.0026603903103080695,0.08317945238016734,0.21258914773798318,0.08321129027179981,0.2141264493894081
1108,0,0.375,4227,0.030060124235109266,0.03235039319887474,0.05914910995099453,0.762682696634012,0.03116531737345235,0.6894428349497628
1108,1,0.375,4227,0.03589145500583296,0.027271668649242332,0.05914910995099453,0.762682696634012,0.03743487823587639,0.7444933740717127
1108,2,0.375,4227,0.05656592452744815,0.0026549457095347007,0.05914910995099453,0.762682696634012,0.06964341269991418,0.929830072433012
1108,0,0.5,5636,0.03907238456873448,0.018498246989059774,0.05914910995099453,0.762682696634012,0.05498234876585922,0.9310240969516934
1108,1,0.5,5636,0.04808901550055477,0.014957338452450217,0.05914910995099453,0.762682696634012,0.038910179084803174,0.6216012963645967
1108,2,0.5,5636,0.06305008476127617,0.009770513814268217,0.05914910995099453,0.762682696634012,0.08363939358389605,0.9577994736696208
1108,0,0.75,8453,0.04439123595759584,0.004414311765290432,0.05914910995099453,0.762682696634012,0.06668584431042442,0.9117597665162112
1108,1,0.75,8453,0.08837029425822439,0.018970668316996148,0.05914910995099453,0.762682696634012,0.024818755660745134,0.2571233930865091
1108,2,0.75,8453,0.02628563148921726,0.0004354360406941954,0.05914910995099453,0.762682696634012,0.06402547196272651,0.8209503477285442
1108,0,1.0,11271,0.004200940422934221,0.00092282716991203,0.05914910995099453,0.762682696634012,0.057725445685921056,0.7532891336000107
1109,0,0.375,4227,0.02671859681034291,0.030485420190407453,0.01716794976714839,0.2714030885640533,0.013396246430220719,0.40878532030949144
1109,1,0.375,4227,0.052754259557433465,0.029214551153720257,0.01716794976714839,0.2714030885640533,0.021068880184317684,0.6189133422148618
1109,2,0.375,4227,0.07257986781030909,0.0843906100715687,0.01716794976714839,0.2714030885640533,0.004932550529411771,-0.233390437085694
1109,0,0.5,5636,0.03421094955579691,0.028931439870419774,0.01716794976714839,0.2714030885640533,0.015776413162194986,0.4596208779337293
1109,1,0.5,5636,0.07889346294897374,0.027234053068281888,0.01716794976714839,0.2714030885640533,0.029621430256403163,0.822309800562938
1109,2,0.5,5636,0.06044743769586387,0.13229962519162836,0.01716794976714839,0.2714030885640533,0.008056966850322936,-0.11669432918862009
1109,0,0.75,8453,0.09392329905901085,0.01904532216556719,0.01716794976714839,0.2714030885640533,0.04015315089015014,0.9082171670399413
1109,1,0.75,8453,0.06585925531664148,0.02358022028591219,0.01716794976714839,0.2714030885640533,0.02750248342086309,0.6931757742235652
1109,2,0.75,8453,0.04900521636136061,0.4110445220499027,0.01716794976714839,0.2714030885640533,0.01746078428938785,-0.05020521736797657
1109,0,1.0,11271,0.002688500533805767,0.003400062399971794,0.01716794976714839,0.2714030885640533,0.016510233165831466,0.27583154806095445
1111,0,0.375,4227,0.0316901071858932,0.07766255448504157,0.04387213796890392,0.31374336288401816,0.025494510897044784,0.4100647252532514
1111,1,0.375,4227,0.06409723828233016,0.10507274139768119,0.04387213796890392,0.31374336288401816,0.018477334270608214,0.5315423928309848
1111,2,0.375,4227,0.031036353013240793,0.06548548764503652,0.04387213796890392,0.31374336288401816,0.02276779489957208,0.3062287216429541
1111,0,0.5,5636,0.041759612405329126,0.06930208855773144,0.04387213796890392,0.31374336288401816,0.03597708827699216,0.5100789984182615
1111,1,0.5,5636,0.05192085635758037,0.10873675411941121,0.04387213796890392,0.31374336288401816,0.014485058316478831,0.4657916592032915
1111,2,0.5,5636,0.03758706698975349,0.09524864304886604,0.04387213796890392,0.31374336288401816,0.013589652405462291,0.3047975615173729
1111,0,0.75,8453,0.014141188974683753,0.027662098055935683,0.04387213796890392,0.31374336288401816,0.03734707309105257,0.3329435873756393
1111,1,0.75,8453,0.03930399638245259,0.07814613326087738,0.04387213796890392,0.31374336288401816,0.02660056229254327,0.43120891535297484
1111,2,0.75,8453,0.06005033997254253,1.52790901323025,0.04387213796890392,0.31374336288401816,0.027416426134360503,0.016439234421957577
1111,0,1.0,11271,0.005849538165351014,0.002746396562140402,0.04387213796890392,0.31374336288401816,0.04551876019184656,0.3320402561795212
1113,0,0.375,4227,0.10571274056173235,0.2136210128325103,0.0841181215076705,0.6352500165570483,0.02640032009015452,0.07629304492990772
1113,1,0.375,4227,0.07048983005965562,0.013690773726612829,0.0841181215076705,0.6352500165570483,0.050387781022873016,0.42440188307055693
1113,2,0.375,4227,0.06642974227132803,0.043659429649100565,0.0841181215076705,0.6352500165570483,0.05902722187494112,0.665036134469964
1113,0,0.5,5636,0.12678622034554302,0.17838058024389464,0.0841181215076705,0.6352500165570483,0.005819761153437222,-0.12661774791823824
1113,1,0.5,5636,0.080185939206149,0.005758703137202642,0.0841181215076705,0.6352500165570483,0.04156995910239091,0.30084778971966425
1113,2,0.5,5636,0.07827381261324183,0.029841567838094205,0.0841181215076705,0.6352500165570483,0.10047311117438561,0.979501326340803
1113,0,0.75,8453,0.042935694814966396,0.007770637307290051,0.0841181215076705,0.6352500165570483,0.07171564726719885,0.5115677204200195
1113,1,0.75,8453,0.0802597959473468,0.025483645155797416,0.0841181215076705,0.6352500165570483,0.10524140254360359,0.984174318259121
1113,2,0.75,8453,0.030881164929309847,0.010317558498135926,0.0841181215076705,0.6352500165570483,0.07987427209445634,0.5595987340207466
1113,0,1.0,11271,0.0026653547055743286,0.00038302681362462065,0.0841181215076705,0.6352500165570483,0.08365767596000358,0.6336055368595543
1115,0,0.375,4227,0.037995119604492304,0.06874743140758911,0.08470303742006235,0.5238253760905404,0.059840540398394614,0.6437687375341931
1115,1,0.375,4227,0.0834109234149262,0.04289279594042161,0.08470303742006235,0.5238253760905404,0.09840220696135221,0.8282448704072086
1115,2,0.375,4227,0.06296553661500007,0.058924983417947524,0.08470303742006235,0.5238253760905404,0.08450676394409817,0.8222428227720829
1115,0,0.5,5636,0.050755957938842175,0.016503493322506807,0.08470303742006235,0.5238253760905404,0.0606137230045821,0.41745732426653076
1115,1,0.5,5636,0.05784111192880901,0.03190518644742735,0.08470303742006235,0.5238253760905404,0.09282265660275078,0.7151442095120659
1115,2,0.5,5636,0.08363682613301807,0.06693979518566945,0.08470303742006235,0.5238253760905404,0.09018386849854773,0.9516970473946796
1115,0,0.75,8453,0.08345509941148416,0.05411996328148354,0.08470303742006235,0.5238253760905404,0.0959442433018061,0.8918330858033743
1115,1,0.75,8453,0.040977054315749606,0.011756558407623019,0.08470303742006235,0.5238253760905404,0.0716238348025539,0.41291872578208016
1115,2,0.75,8453,0.0457465733674629,0.033521427213281996,0.08470303742006235,0.5238253760905404,0.07586592616262886,0.3886129484761602
1115,0,1.0,11271,0.00402908210834302,0.0023640217141423503,0.08470303742006235,0.5238253760905404,0.08493609507449416,0.5330598495332567
1120,0,0.375,4227,0.07418558165486379,0.061551200714064704,0.07407006334897827,0.66901510173913,0.017263316160463726,0.3511381713825666
1120,1,0.375,4227,0.04023318439308695,0.007042093819058459,0.07407006334897827,0.66901510173913,0.06148342864863215,0.5930515594961817
1120,2,0.375,4227,0.1025050466452457,0.1523571262144531,0.07407006334897827,0.66901510173913,-0.004181623739488371,0.10041831623839921
1120,0,0.5,5636,0.06671978260440753,0.019026306561990225,0.07407006334897827,0.66901510173913,0.03644611705437902,0.39749812328312206
1120,1,0.5,5636,0.09119459945859226,0.006077492270015916,0.07407006334897827,0.66901510173913,0.01998182152970135,0.17108811301419607
1120,2,0.5,5636,0.09709664203205227,0.044327768769829134,0.07407006334897827,0.66901510173913,0.013989839694690094,0.09023208372926539
1120,0,0.75,8453,0.04156779924279856,0.005447981186782053,0.07407006334897827,0.66901510173913,0.05943155262426696,0.5645785900695918
1120,1,0.75,8453,0.04271981308716268,0.004192323051156785,0.07407006334897827,0.66901510173913,0.05704441866397129,0.5355138941729414
1120,2,0.75,8453,0.026185808751768343,0.027543781099142337,0.07407006334897827,0.66901510173913,0.047232211637813895,0.5678907249540264
1120,0,1.0,11271,0.010186494338956693,0.00020514763680068437,0.07407006334897827,0.66901510173913,0.07198327327681342,0.6489643237919838
1124,0,0.375,4227,0.061602136352170093,1.482549327947465,0.05670108691535874,0.1834118674726206,0.03297742208764269,-0.028104086375953352
1124,1,0.375,4227,0.0661700611765398,0.7434126199015136,0.05670108691535874,0.1834118674726206,0.03588163240534266,-0.0826258560103624
1124,2,0.375,4227,0.12310944711630743,0.3724277536513422,0.05670108691535874,0.1834118674726206,0.037970384268925274,-0.6000232074452202
1124,0,0.5,5636,0.02830895752453327,0.15401200733611092,0.05670108691535874,0.1834118674726206,0.05218929354642599,0.33641380655791747
1124,1,0.5,5636,0.06774313120459809,0.7681035225429405,0.05670108691535874,0.1834118674726206,0.040556729536707394,-0.0883671094856679
1124,2,0.5,5636,0.11659984622421579,0.38004311344649644,0.05670108691535874,0.1834118674726206,0.03999391788692757,-0.56411388703418
1124,0,0.75,8453,0.033996777427756295,0.2343619845215243,0.05670108691535874,0.1834118674726206,0.047247849654182085,0.08693125256545581
1124,1,0.75,8453,0.03458402357275756,0.1066701360832222,0.05670108691535874,0.1834118674726206,0.06369462696808763,0.3145785090456401
1124,2,0.75,8453,0.019113482796920434,0.07909625783882401,0.05670108691535874,0.1834118674726206,0.0523197164589044,0.13476040987054055
1124,0,1.0,11271,0.0022606329023117495,0.002475293388253419,0.05670108691535874,0.1834118674726206,0.056583813952950444,0.18157864637932936
1125,0,0.375,4227,0.14421334431819133,0.33874574498597065,0.033875059328734775,0.13183377081023395,0.07363850314939359,-0.9003040809634993
1125,1,0.375,4227,0.08505345789444646,0.21414792866290117,0.033875059328734775,0.13183377081023395,0.027904145493509676,0.6518914986341113
1125,2,0.375,4227,0.0707037082031958,0.21508629522316147,0.033875059328734775,0.13183377081023395,0.023085900005156926,0.5514166630730835
1125,0,0.5,5636,0.040079908155404645,0.5125334764790483,0.033875059328734775,0.13183377081023395,0.017965846858376402,-0.07029423581851856
1125,1,0.5,5636,0.0963295178254095,0.21801562498995913,0.033875059328734775,0.13183377081023395,0.027014551986536735,0.6937980818003683
1125,2,0.5,5636,0.06325671993944233,0.23278864341095754,0.033875059328734775,0.13183377081023395,0.010265419940650847,0.42481975028272606
1125,0,0.75,8453,0.029105355379015128,1.0241160843044854,0.033875059328734775,0.13183377081023395,0.025361506407051565,0.019797144634171177
1125,1,0.75,8453,0.07027704702824839,0.20359534037148636,0.033875059328734775,0.13183377081023395,0.028528441393521137,0.5346661984913236
1125,2,0.75,8453,0.011189853356893285,0.08555354756679115,0.033875059328734775,0.13183377081023395,0.02960793966043647,0.17274250378335745
1125,0,1.0,11271,0.003047647944765435,0.004266989203997762,0.033875059328734775,0.13183377081023395,0.03244530893518539,0.12840177341568285
1128,0,0.375,4227,0.08635147782081208,0.035658316094160813,0.03354356222216196,0.506886950703694,-0.00244399080293129,-0.08008538959283587
1128,1,0.375,4227,0.0795463908633944,0.009085226073241588,0.03354356222216196,0.506886950703694,0.058310755761747796,1.0213758167066291
1128,2,0.375,4227,0.08105254079251804,0.24910168201459226,0.03354356222216196,0.506886950703694,-0.015742673595064365,0.08606031365362889
1128,0,0.5,5636,0.0516928419535386,0.022354309956253732,0.03354356222216196,0.506886950703694,0.012578118565379277,0.28703195531461717
1128,1,0.5,5636,0.03145553805008166,0.002915147024111678,0.03354356222216196,0.506886950703694,0.030716446682780126,0.48555506173569024
1128,2,0.5,5636,0.04236926079395433,0.032558139743391556,0.03354356222216196,0.506886950703694,0.015994569610010938,0.4757812228430687
1128,0,0.75,8453,0.08043124952031179,0.16411277865607282,0.03354356222216196,0.506886950703694,0.008449870274336219,-0.08627849806284013
1128,1,0.75,8453,0.02215791007482376,0.0038721974731107875,0.03354356222216196,0.506886950703694,0.029018970076815965,0.4657684158278496
1128,2,0.75,8453,0.046125982663344244,0.015152671801560942,0.03354356222216196,0.506886950703694,0.01746955333823282,0.34238614702451414
1128,0,1.0,11271,0.0015680067587969001,1.3133922168589995e-06,0.03354356222216196,0.506886950703694,0.033370679187914906,0.5042644545243367
1129,0,0.375,4227,0.047703115158726266,0.00885019228366947,0.04872714191283426,0.5189594463251899,0.06643812286237001,0.7812229879164422
1129,1,0.375,4227,0.10542110478085968,0.052677518306460114,0.04872714191283426,0.5189594463251899,-0.004873364687658454,-0.11823845139444394
1129,2,0.375,4227,0.09078541667012627,0.051810274230016024,0.04872714191283426,0.5189594463251899,0.045850557960428945,0.31468246376809117
1129,0,0.5,5636,0.04308271825072161,0.008291303802530708,0.04872714191283426,0.5189594463251899,0.0631385617779795,0.737577392207328
1129,1,0.5,5636,0.029474561319705588,4.221998166988039e-05,0.04872714191283426,0.5189594463251899,0.0408686666966865,0.43546001132885626
1129,2,0.5,5636,0.05978758436795818,0.013260121652522175,0.04872714191283426,0.5189594463251899,0.0666869179996123,0.827034210431571
1129,0,0.75,8453,0.05343700765083266,0.012471220739149858,0.04872714191283426,0.5189594463251899,0.06412918053329425,0.7876080412403583
1129,1,0.75,8453,0.05218032753096677,0.006685680645184933,0.04872714191283426,0.5189594463251899,0.029116472466143947,0.28948682826239996
1129,2,0.75,8453,0.020307492561084363,3.093503091364247e-05,0.04872714191283426,0.5189594463251899,0.04463499613445522,0.47522023195783736
1129,0,1.0,11271,0.003526765158487404,0.0020810240962975957,0.04872714191283426,0.5189594463251899,0.04758112185196951,0.5182400164429853
1131,0,0.375,4227,0.04064685137224475,0.15105690816853698,0.01907186278433236,0.10266126515573608,0.01324327458494258,0.3814552957855801
1131,1,0.375,4227,0.08151803300023415,0.20984314535830825,0.01907186278433236,0.10266126515573608,0.012252857618454016,-0.5090832747810101
1131,2,0.375,4227,0.05058039361824118,0.15725344783236148,0.01907186278433236,0.10266126515573608,0.012666698431350388,0.444114834985601
1131,0,0.5,5636,0.03963329656686919,0.11992124744324242,0.01907186278433236,0.10266126515573608,0.023883494808999116,0.3626765842787296
1131,1,0.5,5636,0.053121155328745326,0.23518636681175126,0.01907186278433236,0.10266126515573608,0.011826662027751655,-0.23934944739503317
1131,2,0.5,5636,0.0268023596990731,0.13023690781947295,0.01907186278433236,0.10266126515573608,0.015769869941306587,0.28394859582821563
1131,0,0.75,8453,0.03847974973091901,0.29379057355824195,0.01907186278433236,0.10266126515573608,0.013618121212514048,-0.1260751511712576
1131,1,0.75,8453,0.04025609846521831,0.10750835725938512,0.01907186278433236,0.10266126515573608,0.026691824747418793,0.3410384798611719
1131,2,0.75,8453,0.02934945569437291,0.5279250183522803,0.01907186278433236,0.10266126515573608,0.014799609625233868,-0.0432546970959949
1131,0,1.0,11271,0.0015939995608676974,0.0045522224956244806,0.01907186278433236,0.10266126515573608,0.019742617466610095,0.10373004612307149
1132,0,0.375,4227,0.07847709360112377,0.20195330139404838,0.03745228437746584,0.13194443204335096,0.04987091368774216,0.608957051257579
1132,1,0.375,4227,0.10066942538002835,0.20374399351147396,0.03745228437746584,0.13194443204335096,0.032945770825196855,0.4112827108402692
1132,2,0.375,4227,0.09795725119856558,0.36157728291380115,0.03745228437746584,0.13194443204335096,0.03506054616538407,-0.4510650206790868
1132,0,0.5,5636,0.06437685380562107,0.46356286713518374,0.03745228437746584,0.13194443204335096,0.02881604360169674,-0.16034394585941122
1132,1,0.5,5636,0.08967595353416218,0.22441720911661753,0.03745228437746584,0.13194443204335096,0.028268781234493674,0.47565148948401037
1132,2,0.5,5636,0.03710729922771215,0.3436544260893044,0.03745228437746584,0.13194443204335096,0.031027146547196967,0.04944538829918939
1132,0,0.75,8453,0.02941872680853873,0.09661524074632749,0.03745228437746584,0.13194443204335096,0.02596353927895021,0.0682417479474663
1132,1,0.75,8453,0.07305929449637014,0.20352312208672818,0.03745228437746584,0.13194443204335096,0.045253095702173986,0.5633693975362586
1132,2,0.75,8453,0.036664926699010725,0.15733134303838775,0.03745228437746584,0.13194443204335096,0.03618365593305436,0.285997069692707
1132,0,1.0,11271,0.0018775602867778071,0.00823326320143175,0.03745228437746584,0.13194443204335096,0.03741216205476042,0.135740337294055
1134,0,0.375,4227,0.0881396408053833,0.057980156167401,0.07305450727365181,0.46382060398195346,0.08962239482975873,0.9004940999916606
1134,1,0.375,4227,0.03725179707390361,0.043449627622287365,0.07305450727365181,0.46382060398195346,0.05147850673335439,0.45134283932034147
1134,2,0.375,4227,0.0833825117420897,0.06405735112319402,0.07305450727365181,0.46382060398195346,0.08915943793698887,0.9541013353128911
1134,0,0.5,5636,0.06691402205631614,0.06573450848434087,0.07305450727365181,0.46382060398195346,0.07121182926304052,0.7759693434961161
1134,1,0.5,5636,0.0552268078870652,0.04657082180185196,0.07305450727365181,0.46382060398195346,0.07538841338514995,0.6795720262182456
1134,2,0.5,5636,0.06341717204154494,0.02951511199292728,0.07305450727365181,0.46382060398195346,0.09602543361154159,0.7502523712020228
1134,0,0.75,8453,0.07683118141048977,0.47889990182786,0.07305450727365181,0.46382060398195346,0.04913509538048578,0.07720717029478301
1134,1,0.75,8453,0.00976685479053048,0.011391655849299298,0.07305450727365181,0.46382060398195346,0.07257610177902869,0.4967077288079482
1134,2,0.75,8453,0.06453322987791206,0.044653437625417375,0.07305450727365181,0.46382060398195346,0.08134529099497059,0.7208106007741542
1134,0,1.0,11271,0.0036950399056158044,0.0010007839002409702,0.07305450727365181,0.46382060398195346,0.07195570104884316,0.4597656451173024
1140,0,0.375,4227,0.0334264744632344,0.14289394629120244,0.015377731974648387,0.12168585217166981,-0.005107023406274045,0.30911273325840943
1140,1,0.375,4227,0.11301723915633556,0.18266978472074738,0.015377731974648387,0.12168585217166981,0.039124729586551506,-0.694965190092782
1140,2,0.375,4227,0.06442027492386582,0.11492376470611507,0.015377731974648387,0.12168585217166981,0.006799357126853475,0.5939016187931004
1140,0,0.5,5636,0.01874942226374238,0.055600237855426074,0.015377731974648387,0.12168585217166981,0.01119771894417848,0.15822210567817604
1140,1,0.5,5636,0.12207892501614885,0.18402418374307355,0.015377731974648387,0.12168585217166981,0.04325288522154259,-0.7502435302281564
1140,2,0.5,5636,0.02225349109142935,0.08391133989352301,0.015377731974648387,0.12168585217166981,0.010745701911327007,0.2530719770426011
1140,0,0.75,8453,0.027045366356132014,0.06644073675756561,0.015377731974648387,0.12168585217166981,0.016077989969371938,0.2682720913761919
1140,1,0.75,8453,0.007912245868383353,0.03641155305170429,0.015377731974648387,0.12168585217166981,0.014238549383052527,0.08746900407638958
1140,2,0.75,8453,0.005276944223062835,0.008159100131914926,0.015377731974648387,0.12168585217166981,0.01571584968919435,0.13294486347178053
1140,0,1.0,11271,0.00289742695228156,0.004203713944787177,0.015377731974648387,0.12168585217166981,0.015091040799088478,0.12352626941493361
1144,0,0.375,4227,0.053411095141295134,0.08423096375255529,0.017892716244309118,0.11914047659174284,0.014866165909636703,0.22541327909497774
1144,1,0.375,4227,0.067557008662245,0.13179625659390007,0.017892716244309118,0.11914047659174284,-0.001321884772336259,-0.07189854469315506
1144,2,0.375,4227,0.01442604781800419,0.11954358015876215,0.017892716244309118,0.11914047659174284,0.004709586572071799,0.15371669528697635
1144,0,0.5,5636,0.054886194284989066,0.09392587565466351,0.017892716244309118,0.11914047659174284,0.016305934679118377,0.2898534033671184
1144,1,0.5,5636,0.07595785913234628,0.22660790326328123,0.017892716244309118,0.11914047659174284,0.029005422949827164,-0.37952183851727345
1144,2,0.5,5636,0.06731993697039858,0.2392205924357045,0.017892716244309118,0.11914047659174284,0.03130536855798906,-0.35159196890970074
1144,0,0.75,8453,0.06942815229492273,0.12686187518996728,0.017892716244309118,0.11914047659174284,0.013701258518432458,0.587537589367249
1144,1,0.75,8453,0.009429089003774205,0.10976670098979888,0.017892716244309118,0.11914047659174284,0.01851948869005761,0.07124294842651081
1144,2,0.75,8453,0.06594134851310747,0.25188969319593674,0.017892716244309118,0.11914047659174284,0.035579426055014414,-0.34981928092077896
1144,0,1.0,11271,0.0026583614190987485,0.024879833586305217,0.017892716244309118,0.11914047659174284,0.017166007878792324,0.09805700917312088
1145,0,0.375,4227,0.06068733999717639,0.08411547268100364,0.025214005120706016,0.19710304958512154,0.028045691164889922,0.6402031753941877
1145,1,0.375,4227,0.09778365779162207,0.13312377959631447,0.025214005120706016,0.19710304958512154,0.00278098018000551,-0.5347193886809877
1145,2,0.375,4227,0.08374347244035098,0.1385835547968755,0.025214005120706016,0.19710304958512154,0.004384566904644092,-0.4112871878534973
1145,0,0.5,5636,0.08490580029732633,0.0761467511000384,0.025214005120706016,0.19710304958512154,0.04089189384720133,0.7897815685585864
1145,1,0.5,5636,0.07741166983350928,0.1324653261123984,0.025214005120706016,0.19710304958512154,0.0016090539148650841,-0.35423238531277146
1145,2,0.5,5636,0.08271201537738858,0.12350635673191675,0.025214005120706016,0.19710304958512154,-0.001742642785598083,-0.3945664790484985
1145,0,0.75,8453,0.009924065072816188,0.04197144085455025,0.025214005120706016,0.19710304958512154,0.022182479179493928,0.2580812990076108
1145,1,0.75,8453,0.01467991156856452,0.03675294985121476,0.025214005120706016,0.19710304958512154,0.019136619296792456,0.2099003795135419
1145,2,0.75,8453,0.03453501422644745,0.23661805881307005,0.025214005120706016,0.19710304958512154,0.0138534014046668,0.038002311861343695
1145,0,1.0,11271,0.0014496315836636713,0.004090714750965244,0.025214005120706016,0.19710304958512154,0.025281384647554632,0.2041583354847445
1146,0,0.375,4227,0.03734685181089764,0.04914515597761415,0.07184771691941126,0.5408688230025023,0.058559816617651,0.6997025428185847
1146,1,0.375,4227,0.057961928106498375,0.015525946404249522,0.07184771691941126,0.5408688230025023,0.09515964949685911,0.8111696131188342
1146,2,0.375,4227,0.1378262629811639,0.13282617689572265,0.07184771691941126,0.5408688230025023,-5.191013245989251e-06,-0.45439008813111204
1146,0,0.5,5636,0.05147121237094827,0.042679052218036334,0.07184771691941126,0.5408688230025023,0.06783006193698554,0.7523419889851696
1146,1,0.5,5636,0.06058140414184572,0.028618384621663037,0.07184771691941126,0.5408688230025023,0.08206990263463788,0.7874738024638122
1146,2,0.5,5636,0.10168084319965201,0.36408522857943876,0.07184771691941126,0.5408688230025023,0.010155722382598133,-0.04391708788629137
1146,0,0.75,8453,0.02423801742319404,0.012706820240850236,0.07184771691941126,0.5408688230025023,0.06102747250606748,0.5080086228136007
1146,1,0.75,8453,0.006374969144457404,0.0044164902878116585,0.07184771691941126,0.5408688230025023,0.07105996839819208,0.5533355691106968
1146,2,0.75,8453,0.07441257712887005,0.10544245332660426,0.07184771691941126,0.5408688230025023,0.03962020020625771,0.1662757729063319
1146,0,1.0,11271,0.003229095112611921,0.0002620353910552098,0.07184771691941126,0.5408688230025023,0.07227744449515824,0.545179227763283
1147,0,0.375,4227,0.033731990319607025,0.02735091349654667,0.04996177173612843,0.17771361909373806,0.03957255095594719,0.1282793355845407
1147,1,0.375,4227,0.1254647222564617,0.3934403620450316,0.04996177173612843,0.17771361909373806,0.06835330831769754,-0.6086457052886092
1147,2,0.375,4227,0.03931544251985685,0.22273305417808162,0.04996177173612843,0.17771361909373806,0.017161484271894043,0.29384406611669306
1147,0,0.5,5636,0.015708604958937875,0.03031707814782114,0.04996177173612843,0.17771361909373806,0.05220800538070596,0.20814983298947573
1147,1,0.5,5636,0.07412115650326769,0.5872807466728613,0.04996177173612843,0.17771361909373806,0.0433819142086416,-0.14170412870417765
1147,2,0.5,5636,0.055907046627594006,6.779895526701369,0.04996177173612843,0.17771361909373806,0.0324875689992835,-0.004999041893418001
1147,0,0.75,8453,0.060672922547371215,0.17614624334781925,0.04996177173612843,0.17771361909373806,0.0447750017113849,0.4264684616228075
1147,1,0.75,8453,0.08344431193104672,0.5131241121724588,0.04996177173612843,0.17771361909373806,0.05859004022560469,-0.2525566818229337
1147,2,0.75,8453,0.06053034465902931,1.6714284836874553,0.04996177173612843,0.17771361909373806,0.05072630461291969,-0.036486078112163076
1147,0,1.0,11271,0.0029368926856948403,0.00174918025497095,0.04996177173612843,0.17771361909373806,0.050256197010720094,0.17988006884122854
1148,0,0.375,4227,0.06791021391891418,0.07562317968507112,0.07062889391996431,0.5653557841800074,0.020494487455048702,0.415667156013776
1148,1,0.375,4227,0.033369180781345625,0.0396631605920473,0.07062889391996431,0.5653557841800074,0.06038980345201609,0.708259645813455
1148,2,0.375,4227,0.1347652534792871,0.29571591335741104,0.07062889391996431,0.5653557841800074,0.04496698445690815,-0.26329171948823465
1148,0,0.5,5636,0.04256492039904419,0.053846226211221176,0.07062889391996431,0.5653557841800074,0.046968316226484445,0.660762469184495
1148,1,0.5,5636,0.056193430976316655,0.05024277292380047,0.07062889391996431,0.5653557841800074,0.05710877156175694,0.7646572512978349
1148,2,0.5,5636,0.05435229580429433,0.030856910209750885,0.07062889391996431,0.5653557841800074,0.06077271005680946,0.39010596519285934
1148,0,0.75,8453,0.06364364498038742,0.0315762728273009,0.07062889391996431,0.5653557841800074,0.0658463816951252,0.7053562461723717
1148,1,0.75,8453,0.06331934304734993,0.0410815489911036,0.07062889391996431,0.5653557841800074,0.0530999180392671,0.3198601934915608
1148,2,0.75,8453,0.038476183887055135,0.01084851308695102,0.07062889391996431,0.5653557841800074,0.058498676653408896,0.4308446203991037
1148,0,1.0,11271,0.0032184604904773573,0.0007299440212933106,0.07062889391996431,0.5653557841800074,0.0686398397090735,0.5526633689596123
1150,0,0.375,4227,0.03463283577401431,0.06293714970466426,0.053048256751084336,0.4094894151129768,0.029151949534717548,0.4376501203848346
1150,1,0.375,4227,0.09984832485487864,0.298376511610597,0.053048256751084336,0.4094894151129768,0.02398043716991399,-0.14203963839968994
1150,2,0.375,4227,0.12245218083409114,0.2164137630606598,0.053048256751084336,0.4094894151129768,0.036332117941932585,-0.41825263158439313
1150,0,0.5,5636,0.02596783641117131,0.030565597329387142,0.053048256751084336,0.4094894151129768,0.04951562981811091,0.5002502272792906
1150,1,0.5,5636,0.07115298786350294,0.21357276168391137,0.053048256751084336,0.4094894151129768,0.031314472584028,0.09126388735097782
1150,2,0.5,5636,0.06198789657021028,0.08496685375859073,0.053048256751084336,0.4094894151129768,0.03354948628295125,0.1563975261932678
1150,0,0.75,8453,0.05043056879062444,0.02297724601634743,0.053048256751084336,0.4094894151129768,0.06323914635322267,0.5934043519929755
1150,1,0.75,8453,0.017481608826139094,0.01060302052793656,0.053048256751084336,0.4094894151129768,0.048338847086684,0.40639901911935916
1150,2,0.75,8453,0.0639499267149903,0.12915762791664387,0.053048256751084336,0.4094894151129768,0.03315742304002661,0.12816694525823955
1150,0,1.0,11271,0.00547143790525284,0.003052332685176601,0.053048256751084336,0.4094894151129768,0.052657600727219,0.3971171810770293
1153,0,0.375,4227,0.047495542239733984,0.03461808129859866,0.04493332841368954,0.5532245804448421,0.02164243725427595,0.4644031529628491
1153,1,0.375,4227,0.1150089525594451,0.0938822199403563,0.04493332841368954,0.5532245804448421,0.003486001529619782,-0.2753241172917839
1153,2,0.375,4227,0.027002741545894215,0.03293250079700444,0.04493332841368954,0.5532245804448421,0.030842553142554546,0.6387172564770972
1153,0,0.5,5636,0.04427127232428481,0.00536068222887319,0.04493332841368954,0.5532245804448421,0.033393036685447526,0.44019241302792067
1153,1,0.5,5636,0.07437472919194639,0.008278907110512546,0.04493332841368954,0.5532245804448421,0.01552693660966167,0.1734859441012627
1153,2,0.5,5636,0.10958226620060074,0.10849159343072604,0.04493332841368954,0.5532245804448421,0.007447573680423337,-0.27309680215943344
1153,0,0.75,8453,0.04026380337813613,0.007791546061669277,0.04493332841368954,0.5532245804448421,0.05604695130340562,0.763278508586628
1153,1,0.75,8453,0.06267760520542738,0.017728472226759426,0.04493332841368954,0.5532245804448421,0.023226244740428403,0.23472887074398394
1153,2,0.75,8453,0.05136833031710787,0.009661234598008966,0.04493332841368954,0.5532245804448421,0.05838161095876652,0.8158466607002056
1153,0,1.0,11271,0.005263936697839127,0.004752073610329935,0.04493332841368954,0.5532245804448421,0.042597673177393575,0.557060250371943
1159,0,0.375,4227,0.038336034083110995,0.02464564766770362,0.059511337848131174,0.4892419072794998,0.036811863645444004,0.37952622812179165
1159,1,0.375,4227,0.07762498699679948,0.24792681493362018,0.059511337848131174,0.4892419072794998,0.04994878967843604,0.1351549999949467
1159,2,0.375,4227,0.16184630600708944,0.21719796906929245,0.059511337848131174,0.4892419072794998,0.0592045427404558,-0.6195661423448953
1159,0,0.5,5636,0.07236143583735534,0.06607013660452477,0.059511337848131174,0.4892419072794998,0.020957193519658905,0.3771330186879734
1159,1,0.5,5636,0.03528043199802387,0.003690592927586084,0.059511337848131174,0.4892419072794998,0.055064924780378006,0.43935775279150774
1159,2,0.5,5636,0.15328777818572165,0.24114294667340258,0.059511337848131174,0.4892419072794998,0.0668492618085327,-0.5593937979669997
1159,0,0.75,8453,0.05608861449970948,0.05211424867029671,0.059511337848131174,0.4892419072794998,0.04453489136296138,0.6405533638053941
1159,1,0.75,8453,0.04489695042618181,0.02203863752922583,0.059511337848131174,0.4892419072794998,0.05243106393870824,0.3649192424075589
1159,2,0.75,8453,0.14266723031777934,0.2632194487338663,0.059511337848131174,0.4892419072794998,0.06970864308000255,-0.49236379746732994
1159,0,1.0,11271,0.004304827056908597,0.0016042250322207963,0.059511337848131174,0.4892419072794998,0.05759662259352192,0.47982919628406434
1160,0,0.375,4227,0.0828462887273711,0.028450486481238546,0.0663543360833885,0.7766401650713644,0.02463691332377885,0.4323236605683734
1160,1,0.375,4227,0.027630086825984255,0.02422560885792794,0.0663543360833885,0.7766401650713644,0.05099645881454852,0.8331111089583354
1160,2,0.375,4227,0.11586614649929863,0.20260985422142613,0.0663543360833885,0.7766401650713644,-0.003052117255931226,0.026048141117899912
1160,0,0.5,5636,0.08951073017915803,0.016677748816245036,0.0663543360833885,0.7766401650713644,0.021225000032805745,0.3086826702558175
1160,1,0.5,5636,0.04763030886998268,0.011256429848989447,0.0663543360833885,0.7766401650713644,0.07323266957046769,0.9872126264268057
1160,2,0.5,5636,0.1028074156981697,0.026631057285127907,0.0663543360833885,0.7766401650713644,0.016565157081140616,0.14781246819229713
1160,0,0.75,8453,0.05158457373123562,0.007685795229121703,0.0663543360833885,0.7766401650713644,0.04664333108047395,0.5998996619858552
1160,1,0.75,8453,0.06096534074041381,0.0017334803568796325,0.0663543360833885,0.7766401650713644,0.04548807521097433,0.5434383683984151
1160,2,0.75,8453,0.07190438606245347,0.0004052168190536304,0.0663543360833885,0.7766401650713644,0.03805234129077184,0.44327884372229864
1160,0,1.0,11271,0.008213424030422916,0.0018040581181098664,0.0663543360833885,0.7766401650713644,0.06384642569838611,0.7634061770146482
1162,0,0.375,4227,0.07530290428451711,0.047369391677456005,0.012621038760560402,0.1768834292169342,0.015567993097073442,0.649128772257934
1162,1,0.375,4227,0.03889249643655781,0.13598234579685844,0.012621038760560402,0.1768834292169342,0.007409507291845989,-0.11464492585465738
1162,2,0.375,4227,0.04423829147661243,0.0678367374475448,0.012621038760560402,0.1768834292169342,0.0014791910780308625,0.42075566296323375
1162,0,0.5,5636,0.014423454531398957,0.05406426677755516,0.012621038760560402,0.1768834292169342,0.003045718735414329,0.17617501303893943
1162,1,0.5,5636,0.03918082451807879,0.05899284796313566,0.012621038760560402,0.1768834292169342,0.004942843822761772,0.39992432468565614
1162,2,0.5,5636,0.06855867261181012,0.034209477258601365,0.012621038760560402,0.1768834292169342,0.027301607677052517,0.2586315755263803
1162,0,0.75,8453,0.01774744496123576,0.22899326339738427,0.012621038760560402,0.1768834292169342,0.013930951140043932,0.046383076806829106
1162,1,0.75,8453,0.0553190956692645,0.03849091442723392,0.012621038760560402,0.1768834292169342,0.01887196087355907,0.5742899444599836
1162,2,0.75,8453,0.03922697708833408,0.05500634696088138,0.012621038760560402,0.1768834292169342,0.006675871523453558,0.40841138047042863
1162,0,1.0,11271,0.002265813902495001,0.005220549683997308,0.012621038760560402,0.1768834292169342,0.013329711167388842,0.17407882763310584
1163,0,0.375,4227,0.061117334240827687,0.026962655585409,0.07580845760845008,0.3222083915643177,0.04250438952033225,0.20403895633563296
1163,1,0.375,4227,0.06610124763537717,0.17576691574928704,0.07580845760845008,0.3222083915643177,0.04998665905873558,0.12160883272310716
1163,2,0.375,4227,0.08859338263744441,0.14054669745790987,0.07580845760845008,0.3222083915643177,0.05448140836692783,0.5751168261022223
1163,0,0.5,5636,0.10351475853932131,0.4019822909088052,0.07580845760845008,0.3222083915643177,0.03303657636502962,-0.19817439521283245
1163,1,0.5,5636,0.05844685382142511,0.171865775554646,0.07580845760845008,0.3222083915643177,0.05771131439898135,0.14174686370691328
1163,2,0.5,5636,0.0853943974486611,0.1332860222364276,0.07580845760845008,0.3222083915643177,0.0604309951872145,0.5925089302554495
1163,0,0.75,8453,0.07029653787289723,0.0922433253601509,0.07580845760845008,0.3222083915643177,0.08903535080123502,0.6224750865030307
1163,1,0.75,8453,0.028242903992930068,0.03671278932484395,0.07580845760845008,0.3222083915643177,0.07919855599812634,0.39885468902373283
1163,2,0.75,8453,0.0429069799226411,0.06601213721087393,0.07580845760845008,0.3222083915643177,0.07794892567787622,0.4605125372312903
1163,0,1.0,11271,0.002266632691905792,0.0045735336455756115,0.07580845760845008,0.3222083915643177,0.0755482716469099,0.3274681354238095
1164,0,0.375,4227,0.05274930057566126,0.015814070009839754,0.1000090858518553,0.49463021312643574,0.0868124625595029,0.39821559802836914
1164,1,0.375,4227,0.16802266030677734,0.2962408828044504,0.1000090858518553,0.49463021312643574,0.05346719858935733,-0.5684898498258698
1164,2,0.375,4227,0.06056106134952308,0.011310451235901547,0.1000090858518553,0.49463021312643574,0.07308768119948866,0.34233097437342785
1164,0,0.5,5636,0.12287610648863696,0.4438649096746567,0.1000090858518553,0.49463021312643574,0.043621705344018685,-0.180497154365951
1164,1,0.5,5636,0.10555814663978068,2.426372533657259,0.1000090858518553,0.49463021312643574,0.0705436138817523,-0.031716642040872746
1164,2,0.5,5636,0.025556550034767443,0.024313579286516507,0.1000090858518553,0.49463021312643574,0.10435737611533166,0.4607324965355649
1164,0,0.75,8453,0.10930287143728301,0.904667744989808,0.1000090858518553,0.49463021312643574,0.06477918782861258,-0.0922152361046928
1164,1,0.75,8453,0.08930029750831889,0.7580365019237719,0.1000090858518553,0.49463021312643574,0.08924344129315152,0.09294002833604574
1164,2,0.75,8453,0.07750119454005093,0.05802201987618008,0.1000090858518553,0.49463021312643574,0.11649546644127304,0.8080559086271514
1164,0,1.0,11271,0.0048752391143597395,0.0034358777531292295,0.1000090858518553,0.49463021312643574,0.09766924073656988,0.49140835565981933
1166,0,0.375,4227,0.01825102611399167,0.6149569921439093,0.03419687621995588,0.04075154768946337,0.03816113934988018,0.1702115592230095
1166,1,0.375,4227,0.0677248826652368,0.8334869775132858,0.03419687621995588,0.04075154768946337,-0.0014490386612441436,-0.2556391208843322
1166,2,0.375,4227,0.11108591623184497,0.7734644833708435,0.03419687621995588,0.04075154768946337,0.05320538677486743,0.8099367539691977
1166,0,0.5,5636,0.06590478919040639,0.9181869591942274,0.03419687621995588,0.04075154768946337,0.02531053778416644,-0.3202581108572635
1166,1,0.5,5636,0.045055016466585246,0.9698745954452683,0.03419687621995588,0.04075154768946337,0.018727653910272785,-0.14326615138770002
1166,2,0.5,5636,0.015932603155642,0.5423868149704323,0.03419687621995588,0.04075154768946337,0.02905425544391,0.02103030783403487
1166,0,0.75,8453,0.04818256638054348,0.9756659716040392,0.03419687621995588,0.04075154768946337,0.026720258648076676,-0.19573747237461198
1166,1,0.75,8453,0.06309442343921914,0.8708960560788498,0.03419687621995588,0.04075154768946337,0.007331114680454454,-0.2309683158032814
1166,2,0.75,8453,0.033110632414190086,1.070123009268054,0.03419687621995588,0.04075154768946337,0.025527049271055705,-0.11052214450777528
1166,0,1.0,11271,0.001351958032798831,0.15241113651019367,0.03419687621995588,0.04075154768946337,0.03377576475286625,0.04918245798609187
1167,0,0.375,4227,0.03945012670549342,0.3582069217154766,0.013949253881812803,0.04529890400174856,-0.010151132685827388,0.2019365495846635
1167,1,0.375,4227,0.024325354963354695,0.3768556564913947,0.013949253881812803,0.04529890400174856,0.004757275384890166,-0.06902839705558453
1167,2,0.375,4227,0.06325383095801859,0.2943598978396845,0.013949253881812803,0.04529890400174856,-0.005877321560375268,-0.4328529620307893
1167,0,0.5,5636,0.04254433783408188,0.32979795334842804,0.013949253881812803,0.04529890400174856,0.002240813915679717,-0.10250771525891064
1167,1,0.5,5636,0.030703050441961383,0.29858942115515275,0.013949253881812803,0.04529890400174856,0.001615184773114882,0.1727733028900996
1167,2,0.5,5636,0.05271070825807867,0.352458061347561,0.013949253881812803,0.04529890400174856,0.011012787487929604,-0.24736685109124681
1167,0,0.75,8453,0.03571746328446886,0.4201208274100028,0.013949253881812803,0.04529890400174856,0.01845590801271463,-0.16451633793672446
1167,1,0.75,8453,0.0494449045353378,0.37014505342277887,0.013949253881812803,0.04529890400174856,0.01807654298594313,-0.2905867079617885
1167,2,0.75,8453,0.06051558147028819,0.352123154048487,0.013949253881812803,0.04529890400174856,0.016435479774169568,-0.37196836753729406
1167,0,1.0,11271,0.010545371412558294,0.47971747718810587,0.013949253881812803,0.04529890400174856,0.01785296640769966,0.02266595857465445
1169,0,0.375,4227,0.05707776977891509,0.023338200258328196,0.15359593783894865,0.6946191555361405,0.1802174096462463,0.9111814841559048
1169,1,0.375,4227,0.09783410517648991,0.0487898488124035,0.15359593783894865,0.6946191555361405,0.09555057413581189,0.554454205900919
1169,2,0.375,4227,0.0726643815108551,0.05663794558485294,0.15359593783894865,0.6946191555361405,0.12362184415758588,0.7515710509209834
1169,0,0.5,5636,0.0713768855009495,0.037719429490091744,0.15359593783894865,0.6946191555361405,0.16876276194993395,0.9201740376511991
1169,1,0.5,5636,0.0838454646738339,0.06331926141703423,0.15359593783894865,0.6946191555361405,0.10674744585089921,0.6764590736325082
1169,2,0.5,5636,0.08168500676077342,0.056246801152541936,0.15359593783894865,0.6946191555361405,0.1418441486693763,0.8603095107007073
1169,0,0.75,8453,0.07695602244364831,0.04434586110546243,0.15359593783894865,0.6946191555361405,0.16065333327480427,0.9087926801945245
1169,1,0.75,8453,0.07375396210869666,0.058118452025326506,0.15359593783894865,0.6946191555361405,0.12348698198298255,0.7575699417540172
1169,2,0.75,8453,0.07276944369633193,0.035916211634521855,0.15359593783894865,0.6946191555361405,0.17894220702714556,0.9661777127721656
1169,0,1.0,11271,0.012021530563622334,0.00446488334827666,0.15359593783894865,0.6946191555361405,0.15546859688180673,0.7175772779901386
1170,0,0.375,4227,0.1343578219584404,0.11729092435290954,0.022765183525323692,0.23851340072490856,0.016799243513472752,-0.7690276784312405
1170,1,0.375,4227,0.07213377394687218,0.07115567030982105,0.022765183525323692,0.23851340072490856,0.013662194635364642,0.5624508131148273
1170,2,0.375,4227,0.09199366014880264,0.14162056715178295,0.022765183525323692,0.23851340072490856,0.01944123396883815,-0.4210389889629613
1170,0,0.5,5636,0.1428625654391173,0.14203604879232326,0.022765183525323692,0.23851340072490856,0.03899800196700089,-0.837048264017183
1170,1,0.5,5636,0.07739923655683376,0.018335332236421087,0.022765183525323692,0.23851340072490856,0.023660792195570723,0.30684145022948617
1170,2,0.5,5636,0.07116868157832618,0.20225983254226548,0.022765183525323692,0.23851340072490856,0.022322062385722097,-0.2089812825623365
1170,0,0.75,8453,0.097513407973657,0.1663350402775475,0.022765183525323692,0.23851340072490856,0.031423644792208896,-0.44328018677765824
1170,1,0.75,8453,0.04363751853500396,0.044656878489441235,0.022765183525323692,0.23851340072490856,0.02481470963820364,0.4885818127730115
1170,2,0.75,8453,0.0519742323673378,0.03934631556037769,0.022765183525323692,0.23851340072490856,0.029123132033770503,0.5191305344259907
1170,0,1.0,11271,0.0017010005633325911,0.0012730034287061626,0.022765183525323692,0.23851340072490856,0.023176276716951466,0.23962450252434223
1171,0,0.375,4227,0.08331534133151276,0.045696757168866536,0.04029425602728267,0.3410937540761661,0.05760190583311493,0.795213908985786
1171,1,0.375,4227,0.04756842666776578,0.031467683236005003,0.04029425602728267,0.3410937540761661,0.0424543062311582,0.4898678669245057
1171,2,0.375,4227,0.06728850688990314,0.030453133665354792,0.04029425602728267,0.3410937540761661,0.06548140202042468,0.7468280037321988
1171,0,0.5,5636,0.08617785010037483,0.045559059615176936,0.04029425602728267,0.3410937540761661,0.0474379280408949,0.6536541658305247
1171,1,0.5,5636,0.012516658139640091,5.384683856760053e-06,0.04029425602728267,0.3410937540761661,0.03977150100372823,0.3366839421173757
1171,2,0.5,5636,0.06868467563644841,2.0226136820922807,0.04029425602728267,0.3410937540761661,0.021543035329376407,-0.011311760635771094
1171,0,0.75,8453,0.07797053648832375,0.04512606891820145,0.04029425602728267,0.3410937540761661,0.05182136994431419,0.7098193005829221
1171,1,0.75,8453,0.05945919709676224,0.6836480184235019,0.04029425602728267,0.3410937540761661,0.027022845421076858,0.03370354478004809
1171,2,0.75,8453,0.05805812801403466,0.41910883537925725,0.04029425602728267,0.3410937540761661,0.02484341718999156,0.046242565134721046
1171,0,1.0,11271,0.0013908017171553133,0.0007316618108539064,0.04029425602728267,0.3410937540761661,0.0411280888374785,0.34600917647559015
1172,0,0.375,4227,0.06197713513590661,0.3361425455801744,0.014700858178445776,0.04801092301129431,0.01037634738254497,-0.34652108702874546
1172,1,0.375,4227,0.05664039706803245,0.37948896362904894,0.014700858178445776,0.04801092301129431,0.016019973076322913,-0.21858106200327937
1172,2,0.375,4227,0.053848292850610706,0.3147321896042159,0.014700858178445776,0.04801092301129431,-0.0033373429533687985,0.3910647751491318
1172,0,0.5,5636,0.057179683364755166,0.345488528167477,0.014700858178445776,0.04801092301129431,0.013531942878211882,-0.34440900111656975
1172,1,0.5,5636,0.04263780285544201,0.17359795631341252,0.014700858178445776,0.04801092301129431,-0.009270177869533979,-0.06991071548967641
1172,2,0.5,5636,0.050381596197765145,0.30559601759749583,0.014700858178445776,0.04801092301129431,0.00021483831724610313,0.35676652797549285
1172,0,0.75,8453,0.028366456823134396,0.42089327188755404,0.014700858178445776,0.04801092301129431,0.011754689668892447,-0.10248644005167735
1172,1,0.75,8453,0.03011665013167249,0.2951520197009344,0.014700858178445776,0.04801092301129431,0.001733303581035786,0.15691430209003365
1172,2,0.75,8453,0.026590153731431868,0.22397193246372107,0.014700858178445776,0.04801092301129431,0.015243315008432934,0.185382549556125
1172,0,1.0,11271,0.0027288482796645514,0.0058458732832279425,0.014700858178445776,0.04801092301129431,0.013759598683721293,0.04409504902502574
1173,0,0.375,4227,0.09513330447675569,0.1437636165167393,0.02874927990200654,0.15289078210269222,0.031931710816237115,0.7212228397597521
1173,1,0.375,4227,0.045243755928747915,0.8182636178932414,0.02874927990200654,0.15289078210269222,0.024700453115874314,-0.039193033713604504
1173,2,0.375,4227,0.03270236229824792,0.14257245759933193,0.02874927990200654,0.15289078210269222,0.01499602120927413,0.3298325261043676
1173,0,0.5,5636,0.0882432052770624,0.13207320107477288,0.02874927990200654,0.15289078210269222,0.04197577458053726,0.7500386061633713
1173,1,0.5,5636,0.033495481836390416,0.3757893597150682,0.02874927990200654,0.15289078210269222,0.03040473753946515,0.05392561384520401
1173,2,0.5,5636,0.061654487344366564,0.13425657241279582,0.02874927990200654,0.15289078210269222,0.02727006923931889,0.5070534654265133
1173,0,0.75,8453,0.08326354941648058,0.12445190407291158,0.02874927990200654,0.15289078210269222,0.044455537797069754,0.6991390704658866
1173,1,0.75,8453,0.11222772490443945,0.27683714232901535,0.02874927990200654,0.15289078210269222,0.05409760887746318,-0.6092133266172348
1173,2,0.75,8453,0.07696475606798568,0.12145135660412108,0.02874927990200654,0.15289078210269222,0.04049814285352554,0.6082020175000215
1173,0,1.0,11271,0.0015196304220451125,0.002939426537291623,0.02874927990200654,0.15289078210269222,0.0289065906985636,0.15616861370747254
1174,0,0.375,4227,0.1311073309037265,0.6247041372585213,0.057275355232301255,0.10787138401482102,0.06343664218050704,-0.6766975042583344
1174,1,0.375,4227,0.0837130403412153,0.4223706144847288,0.057275355232301255,0.10787138401482102,0.06497739420050298,0.5983788108506373
1174,2,0.375,4227,0.061441844966796354,0.8582643444095408,0.057275355232301255,0.10787138401482102,0.03807928994020387,-0.11634203160396422
1174,0,0.5,5636,0.12179355519864356,0.611099524274085,0.057275355232301255,0.10787138401482102,0.04471601672823914,-0.5579748195638665
1174,1,0.5,5636,0.047238510794530196,1.33894667129107,0.057275355232301255,0.10787138401482102,0.05231006252159259,-0.0647412184876095
1174,2,0.5,5636,0.009531734779528076,0.16177442499491668,0.057275355232301255,0.10787138401482102,0.05315907978063606,0.14399025819033762
1174,0,0.75,8453,0.12409133789643122,0.6184716887262174,0.057275355232301255,0.10787138401482102,0.05692964754996135,-0.6505352412434477
1174,1,0.75,8453,0.06566473138161794,0.8505144337673605,0.057275355232301255,0.10787138401482102,0.05921670089927081,-0.1853100280204268
1174,2,0.75,8453,0.0499917417532711,0.33415738115067284,0.057275355232301255,0.10787138401482102,0.061851546470478566,0.3142826467058306
1174,0,1.0,11271,0.0015988151723823638,0.032995593007066004,0.057275355232301255,0.10787138401482102,0.05695156223460759,0.11436881503298862
1175,0,0.375,4227,0.06332901649248378,0.7744172360849328,0.05683226365034092,0.12148192018412735,0.06486243725419248,-0.21155920584005264
1175,1,0.375,4227,0.0901560225919211,0.4279925649398354,0.05683226365034092,0.12148192018412735,0.02263646372804735,0.5682940786975945
1175,2,0.375,4227,0.0815229985501727,0.42413520583385755,0.05683226365034092,0.12148192018412735,0.014236380227265276,0.3258523530137275
1175,0,0.5,5636,0.07381276135361577,0.40824907126107735,0.05683226365034092,0.12148192018412735,0.02941299794155309,0.49370714324010384
1175,1,0.5,5636,0.08667065927695906,0.4084494223325882,0.05683226365034092,0.12148192018412735,0.031181725283593136,0.5251619302972671
1175,2,0.5,5636,0.03355203424183358,0.4612454114359487,0.05683226365034092,0.12148192018412735,0.03369245285551288,0.03626469761122915
1175,0,0.75,8453,0.08718324862152521,0.399925403810733,0.05683226365034092,0.12148192018412735,0.03265731316887146,0.4809656758105024
1175,1,0.75,8453,0.023319187449645746,0.8257360488099952,0.05683226365034092,0.12148192018412735,0.05489775007546408,0.04243924598429886
1175,2,0.75,8453,0.020702360556465106,0.08213722104451598,0.05683226365034092,0.12148192018412735,0.050859162439769234,0.0924775783037019
1175,0,1.0,11271,0.0024498718378591585,0.031126960162120243,0.05683226365034092,0.12148192018412735,0.055460697833344064,0.12700014459663322
1176,0,0.375,4227,0.1036852716007496,0.2434216122605507,0.07837045040835965,0.6530402632311499,0.03404063386481192,0.09366484219761918
1176,1,0.375,4227,0.04596123279101803,0.04282031090322881,0.07837045040835965,0.6530402632311499,0.0669325674898959,0.8671336639533519
1176,2,0.375,4227,0.038949367476026425,0.020277372738249366,0.07837045040835965,0.6530402632311499,0.08499714638583539,0.8522620770777828
1176,0,0.5,5636,0.06607457192314255,0.009941839479968115,0.07837045040835965,0.6530402632311499,0.04775277019654717,0.43385276530532796
1176,1,0.5,5636,0.06399198471880951,0.009939292317377668,0.07837045040835965,0.6530402632311499,0.053672634977306774,0.487625788790484
1176,2,0.5,5636,0.09077092635762145,0.0751352849638851,0.07837045040835965,0.6530402632311499,0.043409584149222934,0.22244910849383648
1176,0,0.75,8453,0.08131331451058152,0.05222345095875207,0.07837045040835965,0.6530402632311499,0.04572753025137269,0.26549953338847004
1176,1,0.75,8453,0.04173099571883047,0.023906823553581882,0.07837045040835965,0.6530402632311499,0.07261276096350669,0.7555818482679321
1176,2,0.75,8453,0.06719127038230052,0.02056355202220346,0.07837045040835965,0.6530402632311499,0.05965052909548291,0.4243409985519893
1176,0,1.0,11271,0.0018664426571517523,0.00025028465821821944,0.07837045040835965,0.6530402632311499,0.07809561957282417,0.6521101827409297
1177,0,0.375,4227,0.07337486404392557,0.08126110802023076,0.08653693930899896,0.47341551874714805,0.053631309353860214,0.20310743963440933
1177,1,0.375,4227,0.05265085505525514,0.06379843477305688,0.08653693930899896,0.47341551874714805,0.09230665341491946,0.7757230173472832
1177,2,0.375,4227,0.07045966123219183,0.05909183487873748,0.08653693930899896,0.47341551874714805,0.09164018344981403,0.7408203915639714
1177,0,0.5,5636,0.023274221861497118,0.02934583479022551,0.08653693930899896,0.47341551874714805,0.07368797253735461,0.4802179143205665
1177,1,0.5,5636,0.08865763247075496,0.05997994412618443,0.08653693930899896,0.47341551874714805,0.117321076437,0.9552834971071952
1177,2,0.5,5636,0.09559812630373249,0.051946997487599844,0.08653693930899896,0.47341551874714805,0.13008614432513863,0.9941943919701625
1177,0,0.75,8453,0.031262993856576694,0.013563136364020595,0.08653693930899896,0.47341551874714805,0.07072839985133277,0.4179433215904143
1177,1,0.75,8453,0.11407500779782755,0.36936707977348515,0.08653693930899896,0.47341551874714805,0.03823428391972494,-0.20492792523294343
1177,2,0.75,8453,0.06381124785043024,0.030887308713485245,0.08653693930899896,0.47341551874714805,0.10689341850899635,0.7036837896487307
1177,0,1.0,11271,0.0031081474358005626,0.0041842357151230525,0.08653693930899896,0.47341551874714805,0.0870254289175201,0.4654338291353678
1179,0,0.375,4227,0.07423751686024563,0.06848412985172003,0.02844901988943737,0.23542556965857853,0.03904956670183513,0.745837130153371
1179,1,0.375,4227,0.07699278190931914,0.02772928262886741,0.02844901988943737,0.23542556965857853,-0.014523410990383415,-0.1559786331098363
1179,2,0.375,4227,0.044390821758161524,0.07721915708634822,0.02844901988943737,0.23542556965857853,0.023624711216300456,0.5415820335848232
1179,0,0.5,5636,0.08245842741789168,0.06302721957359951,0.02844901988943737,0.23542556965857853,0.04295171730957277,0.7429344276751169
1179,1,0.5,5636,0.061934026134402076,0.05377410918092097,0.02844901988943737,0.23542556965857853,0.042231613319761226,0.6296955691049757
1179,2,0.5,5636,0.02906692720829779,0.06887560031754764,0.02844901988943737,0.23542556965857853,0.01527528723568503,0.29395211021476464
1179,0,0.75,8453,0.11351242006937727,0.05628604844034216,0.02844901988943737,0.23542556965857853,0.06200903284867204,0.9605646067433086
1179,1,0.75,8453,0.04725431350159039,0.032223516384657674,0.02844901988943737,0.23542556965857853,0.04091829400138713,0.4617415602256608
1179,2,0.75,8453,0.053723604359203786,0.2963136012831113,0.02844901988943737,0.23542556965857853,0.01147142586168353,-0.06537439058240198
1179,0,1.0,11271,0.0013676125998675166,0.0024540157161485193,0.02844901988943737,0.23542556965857853,0.027824156208788076,0.23502750476179196
1180,0,0.375,4227,0.07696439868602509,0.288776522992435,0.04366737044090732,0.3320071528949275,0.012150877645631927,-0.07727052552697722
1180,1,0.375,4227,0.033907166149479015,0.0714002245469286,0.04366737044090732,0.3320071528949275,0.03165358998464579,0.5264615817823556
1180,2,0.375,4227,0.03306090858719009,0.048141965533770606,0.04366737044090732,0.3320071528949275,0.033519038420396906,0.4019868268155177
1180,0,0.5,5636,0.05030285651141247,0.05066692162591012,0.04366737044090732,0.3320071528949275,0.01789207757453013,0.22127648245875117
1180,1,0.5,5636,0.03470680996787915,0.03797179256187867,0.04366737044090732,0.3320071528949275,0.045653238182665326,0.4879901914801608
1180,2,0.5,5636,0.051209575876908615,0.029204727988176277,0.04366737044090732,0.3320071528949275,0.028602735553578233,0.1779550455044556
1180,0,0.75,8453,0.013584969930609554,0.024048972250212505,0.04366737044090732,0.3320071528949275,0.04230951574165208,0.3936632465207218
1180,1,0.75,8453,0.06299105369757613,0.04712253666232867,0.04366737044090732,0.3320071528949275,0.056113687334560576,0.6648316350445392
1180,2,0.75,8453,0.005855706965790973,0.010418759475960854,0.04366737044090732,0.3320071528949275,0.044010325551401254,0.3634014518522701
1180,0,1.0,11271,0.001620263983141618,0.0013194698371610525,0.04366737044090732,0.3320071528949275,0.04371771604789582,0.3357582805578073
1181,0,0.375,4227,0.09588726394602486,0.006768392471781931,0.11388215828303046,0.7621730716194343,0.05745744202678955,0.367878060375636
1181,1,0.375,4227,0.06077410262678079,0.03258529330747505,0.11388215828303046,0.7621730716194343,0.09553568183637005,0.8177155022776913
1181,2,0.375,4227,0.06804645136719964,0.009719116613268824,0.11388215828303046,0.7621730716194343,0.08964972267363196,0.5633499306469973
1181,0,0.5,5636,0.08710213957620268,0.014887501291968308,0.11388215828303046,0.7621730716194343,0.14922430014207708,1.109225182770828
1181,1,0.5,5636,0.08046812139067798,0.026176574781937745,0.11388215828303046,0.7621730716194343,0.077889144834943,0.6320060421577722
1181,2,0.5,5636,0.08890378631652726,0.02929337321011427,0.11388215828303046,0.7621730716194343,0.07114872525410974,0.39812149450044293
1181,0,0.75,8453,0.08123459711821962,0.008210399930097284,0.11388215828303046,0.7621730716194343,0.15096071224369667,1.0690714775531183
1181,1,0.75,8453,0.06390766049599303,0.026634175203671923,0.11388215828303046,0.7621730716194343,0.08704060925760933,0.7088947743241183
1181,2,0.75,8453,0.10001649332455147,0.13574543702058034,0.11388215828303046,0.7621730716194343,0.06622693154044319,0.23224224878795904
1181,0,1.0,11271,0.0021469060844768106,0.0027849531995038923,0.11388215828303046,0.7621730716194343,0.11526387257069097,0.7573052065631776
1182,0,0.375,4227,0.0717917822107793,0.03075957015488029,0.09710943679481024,0.6595226005420664,0.11656822325523052,1.0007364043408804
1182,1,0.375,4227,0.13901804689387914,0.05674820409777234,0.09710943679481024,0.6595226005420664,-0.014526764200023586,-0.160527709220791
1182,2,0.375,4227,0.06799333993621219,0.03255443057577946,0.09710943679481024,0.6595226005420664,0.05888380911408729,0.513427929366849
1182,0,0.5,5636,0.08759616364992225,0.016198220703189686,0.09710943679481024,0.6595226005420664,0.04569259731970328,0.2795676172288725
1182,1,0.5,5636,0.13529497141494748,0.16262789589004722,0.09710943679481024,0.6595226005420664,0.00192653661538974,-0.12521458200522678
1182,2,0.5,5636,0.06109055796403634,0.05241609962821117,0.09710943679481024,0.6595226005420664,0.0870678518882562,0.9181862503930421
1182,0,0.75,8453,0.0808261475119378,0.025091014928132052,0.09710943679481024,0.6595226005420664,0.12476556532082353,1.0214043684499798
1182,1,0.75,8453,0.08453792601049327,0.07541989305698188,0.09710943679481024,0.6595226005420664,0.057999102627099244,0.260480578257894
1182,2,0.75,8453,0.01228333001998088,0.02506981046023815,0.09710943679481024,0.6595226005420664,0.08524909333678464,0.6977781361652616
1182,0,1.0,11271,0.0035894063126620775,0.0017178760606813004,0.09710943679481024,0.6595226005420664,0.09774115485032463,0.6716490845227575
1186,0,0.375,4227,0.1034693958115143,0.06987011292544959,0.10393777852280355,0.48693099643875815,0.12612356303786085,0.8783912087919874
1186,1,0.375,4227,0.09411740780657102,0.34479537310498426,0.10393777852280355,0.48693099643875815,0.044773051902777375,0.08020248045598936
1186,2,0.375,4227,0.06240522720211294,0.020335462194446957,0.10393777852280355,0.48693099643875815,0.07456565991032352,0.3189424831824938
1186,0,0.5,5636,0.09969271533159173,0.0576129213086895,0.10393777852280355,0.48693099643875815,0.14072554328255116,0.9030018583950747
1186,1,0.5,5636,0.057219740768043786,0.08472210506195355,0.10393777852280355,0.48693099643875815,0.07325801824813366,0.24568639247669405
1186,2,0.5,5636,0.03552087197700188,0.02469145162687758,0.10393777852280355,0.48693099643875815,0.11505349759105812,0.6095117164826143
1186,0,0.75,8453,0.020106861586515857,0.03716317121404589,0.10393777852280355,0.48693099643875815,0.106803092661987,0.42615888471437097
1186,1,0.75,8453,0.04200736583769551,0.024894762517131436,0.10393777852280355,0.48693099643875815,0.11472522424373117,0.6084279612198336
1186,2,0.75,8453,0.03051046763076929,0.018691809999515002,0.10393777852280355,0.48693099643875815,0.11195195507590323,0.5748111147314215
1186,0,1.0,11271,0.0019377676655924106,0.003926230709550449,0.10393777852280355,0.48693099643875815,0.10581243738092673,0.4867601233576777
1187,0,0.375,4227,0.11068528323793503,0.11781015425258932,0.06424191944070932,0.6875613444986286,-0.001668629932330733,0.06845464857882008
1187,1,0.375,4227,0.06751803420572144,0.014429884990197386,0.06424191944070932,0.6875613444986286,0.03481931789814116,0.4407253647896346
1187,2,0.375,4227,0.11998362272914434,0.05360193794697604,0.06424191944070932,0.6875613444986286,-0.006790521272076995,-0.170476831235843
1187,0,0.5,5636,0.09684393493482966,0.041749291165834916,0.06424191944070932,0.6875613444986286,0.011284024936431509,0.2183223215116986
1187,1,0.5,5636,0.061680736450987726,0.011662748040325702,0.06424191944070932,0.6875613444986286,0.038337141600841465,0.4688313729557131
1187,2,0.5,5636,0.11660157414159845,0.08075638792714568,0.06424191944070932,0.6875613444986286,-0.0018400936118006664,-0.1451399187452858
1187,0,0.75,8453,0.03327234011983544,0.00032599799128649187,0.06424191944070932,0.6875613444986286,0.07612940306540182,0.8119564348223297
1187,1,0.75,8453,0.024288366201616687,0.019214470496146344,0.06424191944070932,0.6875613444986286,0.05728952676650788,0.7718881540951281
1187,2,0.75,8453,0.0757736186443693,0.010012482277143492,0.06424191944070932,0.6875613444986286,0.02439331400981404,0.29240874124429184
1187,0,1.0,11271,0.007515440439033328,8.128451902442158e-06,0.06424191944070932,0.6875613444986286,0.06609580615010616,0.7074644659120674
1188,0,0.375,4227,0.05538504935480709,1.2297954879598647,0.05061537305929005,0.1439919244201592,0.027827857648963995,0.017597967974423853
1188,1,0.375,4227,0.07835122789069744,0.27068712491679564,0.05061537305929005,0.1439919244201592,0.04140675760022593,0.512280861744147
1188,2,0.375,4227,0.045269924657647766,0.286593892557621,0.05061537305929005,0.1439919244201592,0.026394384799974368,0.40655866379663197
1188,0,0.5,5636,0.0963285782383328,0.4480641145578575,0.05061537305929005,0.1439919244201592,0.03815685612827894,-0.39520816249804513
1188,1,0.5,5636,0.08365216326215012,0.26363103825857953,0.05061537305929005,0.1439919244201592,0.05634094207514883,0.6410806997316044
1188,2,0.5,5636,0.058234691785871075,0.2654938537891995,0.05061537305929005,0.1439919244201592,0.038508853764696926,0.4476654239375802
1188,0,0.75,8453,0.059813661457264265,0.7883431464588267,0.05061537305929005,0.1439919244201592,0.038461522189338036,-0.08804733427303046
1188,1,0.75,8453,0.0692475789387575,0.2449542783838518,0.05061537305929005,0.1439919244201592,0.053037788660697936,0.4977219465927548
1188,2,0.75,8453,0.035341642485251776,0.16789495208563635,0.05061537305929005,0.1439919244201592,0.05008686389508981,0.2727739505383027
1188,0,1.0,11271,0.0020543578920627086,0.003072243372414629,0.05061537305929005,0.1439919244201592,0.051207359512427476,0.1444138461582522
1190,0,0.375,4227,0.05968471991215561,0.01236403142001466,0.11945550427490491,0.6457485886470354,0.08767723045791925,0.5079098605009286
1190,1,0.375,4227,0.1009019371206757,0.00027036583163847494,0.11945550427490491,0.6457485886470354,0.08842099774862945,0.47868289794904706
1190,2,0.375,4227,0.0576560400725265,0.023105845892377325,0.11945550427490491,0.6457485886470354,0.13883086233588254,0.8576064239600506
1190,0,0.5,5636,0.039242686577116624,0.017619391602382406,0.11945550427490491,0.6457485886470354,0.12931953241311936,0.7726646926578978
1190,1,0.5,5636,0.10683064741741718,0.04343690964192087,0.11945550427490491,0.6457485886470354,0.08165999271034353,0.35749219860358716
1190,2,0.5,5636,0.031627266567757134,0.02540143886689003,0.11945550427490491,0.6457485886470354,0.114762532004174,0.545477623182343
1190,0,0.75,8453,0.08114789986779221,0.13533323381079906,0.11945550427490491,0.6457485886470354,0.07574457871903016,0.236464701720946
1190,1,0.75,8453,0.058294148912887346,0.03605903429346313,0.11945550427490491,0.6457485886470354,0.12265995920534087,0.82361587063439
1190,2,0.75,8453,0.0254660940994574,0.017825771370360427,0.11945550427490491,0.6457485886470354,0.11496117260056979,0.5668322159189055
1190,0,1.0,11271,0.005741005498304536,0.00027665177360000626,0.11945550427490491,0.6457485886470354,0.1153869755301519,0.6246893035811678
1193,0,0.375,4227,0.04502565665103108,0.021528405105477044,0.022303523799054252,0.3082943255532519,0.029433057372452023,0.5792027636010144
1193,1,0.375,4227,0.058708255109377945,0.035386684955289925,0.022303523799054252,0.3082943255532519,0.015489439184398912,0.41910673790845493
1193,2,0.375,4227,0.0597118541696018,0.011212536070817132,0.022303523799054252,0.3082943255532519,0.026510033238703847,0.4336496941891675
1193,0,0.5,5636,0.08226989454641129,0.02336645273109894,0.022303523799054252,0.3082943255532519,0.04325449449020773,0.8831331368402138
1193,1,0.5,5636,0.040663867214408074,0.03949801199134788,0.022303523799054252,0.3082943255532519,0.019334175425379848,0.588615039482482
1193,2,0.5,5636,0.060531960438523776,0.025531912722348157,0.022303523799054252,0.3082943255532519,0.033331639007464116,0.7120168385644191
1193,0,0.75,8453,0.03711201119151302,0.013431489127483057,0.022303523799054252,0.3082943255532519,0.01227283538210884,0.14307940381826628
1193,1,0.75,8453,0.0512848710144537,0.02750379337412616,0.022303523799054252,0.3082943255532519,0.02829654926825721,0.6310403116162658
1193,2,0.75,8453,0.027522758013674035,0.023997227360760036,0.022303523799054252,0.3082943255532519,0.021700155459579495,0.4488355256447203
1193,0,1.0,11271,0.00199632056599941,0.0023662751477589034,0.022303523799054252,0.3082943255532519,0.023387889579279838,0.3130440374057005
1197,0,0.375,4227,0.07758213577211405,0.013758625545589181,0.1025869662897097,0.48583746571123704,0.048394286360616504,0.24516310691068113
1197,1,0.375,4227,0.062263150235584146,0.08755860706021451,0.1025869662897097,0.48583746571123704,0.07349661760478722,0.5946506159700737
1197,2,0.375,4227,0.05199002223755707,0.04098940276575477,0.1025869662897097,0.48583746571123704,0.07715972645653145,0.45343928839631054
1197,0,0.5,5636,0.09244958782614691,0.20015507442216754,0.1025869662897097,0.48583746571123704,0.03518726913382773,0.0855492705661608
1197,1,0.5,5636,0.06514929385252269,0.07297419785629256,0.1025869662897097,0.48583746571123704,0.09698623254099065,0.7018796698827573
1197,2,0.5,5636,0.06897913230479909,0.05677925747417778,0.1025869662897097,0.48583746571123704,0.1218901235561919,0.7895683137515612
1197,0,0.75,8453,0.05688951041667556,0.03385917746856637,0.1025869662897097,0.48583746571123704,0.1253728724400562,0.7071398207570863
1197,1,0.75,8453,0.038004570013292695,0.023698020280675886,0.1025869662897097,0.48583746571123704,0.08593017662115465,0.36588931022285803
1197,2,0.75,8453,0.04564781021349129,0.04255362045699232,0.1025869662897097,0.48583746571123704,0.08784723716571542,0.34625259563889543
1197,0,1.0,11271,0.0017019463665802605,0.000829951537148016,0.1025869662897097,0.48583746571123704,0.10356898042027772,0.4924236345279963
1198,0,0.375,4227,0.0723809582728124,0.6811887458421092,0.019736000409519287,0.02441287757347149,0.013075934285198626,0.10276827765067408
1198,1,0.375,4227,0.04627335411235358,0.6760587779936066,0.019736000409519287,0.02441287757347149,-0.0123377675309586,-0.09320876224227531
1198,2,0.375,4227,0.04724624431771482,0.8125054686216099,0.019736000409519287,0.02441287757347149,0.0008275020174348277,-0.20283626199159324
1198,0,0.5,5636,0.07220232581685053,0.5571810151052949,0.019736000409519287,0.02441287757347149,0.02047013363010372,0.08147485547909229
1198,1,0.5,5636,0.05154554568289157,0.8420979303705018,0.019736000409519287,0.02441287757347149,0.011485220439740297,-0.34108994234970696
1198,2,0.5,5636,0.046811948195747105,0.8373272305972752,0.019736000409519287,0.02441287757347149,0.0074374157535600375,-0.2573374066803996
1198,0,0.75,8453,0.0576134412775628,1.12630459862361,0.019736000409519287,0.02441287757347149,0.017792346179526804,-0.055972109514763446
1198,1,0.75,8453,0.012019085556607478,0.4726270287850396,0.019736000409519287,0.02441287757347149,0.016346481205422484,0.048679393597753855
1198,2,0.75,8453,0.03715843310567525,0.8883227527275686,0.019736000409519287,0.02441287757347149,0.01672680295932631,-0.2093547399683585
1198,0,1.0,11271,0.00629080284086703,1.354453320346825,0.019736000409519287,0.02441287757347149,0.0197691767617728,0.009140213363480582
